<measure>
  <schema_version>3.0</schema_version>
  <name>residential_hot_water_heater_tankless_electric</name>
  <uid>48b6c5e9-ed87-4761-afec-8aca2d6c372e</uid>
  <version_id>c6c0f448-2e3e-4b40-981c-e16afa97c9f9</version_id>
  <version_modified>20171215T192521Z</version_modified>
  <xml_checksum>9882CBDB</xml_checksum>
  <class_name>ResidentialHotWaterHeaterTanklessElectric</class_name>
  <display_name>Set Residential Electric Tankless Water Heater</display_name>
  <description>This measure adds a new residential electric tankless water heater to the model based on user inputs. If there is already an existing residential water heater in the model, it is replaced. For multifamily buildings, the water heater can be set for all units of the building. See https://github.com/NREL/OpenStudio-BEopt#workflows for supported workflows using this measure.</description>
  <modeler_description>The measure will create a new instance of the OS:WaterHeater:Mixed object representing a electric tankless water heater. The water heater will be placed on the plant loop 'Domestic Hot Water Loop'. If this loop already exists, any water heater on that loop will be removed and replaced with a water heater consistent with this measure. If it doesn't exist, it will be created.</modeler_description>
  <arguments>
    <argument>
      <name>setpoint_temp</name>
      <display_name>Setpoint</display_name>
      <description>Water heater setpoint temperature.</description>
      <type>Double</type>
      <units>F</units>
      <required>true</required>
      <model_dependent>false</model_dependent>
      <default_value>125</default_value>
    </argument>
    <argument>
      <name>location</name>
      <display_name>Location</display_name>
      <description>Thermal zone where the water heater is located. auto will locate the water heater according the BA House Simulation Protocols: A garage (if available) or the living space in hot-dry and hot-humid climates, a basement (finished or unfinished, if available) or living space in all other climates.</description>
      <type>Choice</type>
      <required>true</required>
      <model_dependent>false</model_dependent>
      <default_value>auto</default_value>
      <choices>
        <choice>
          <value>auto</value>
          <display_name>auto</display_name>
        </choice>
      </choices>
    </argument>
    <argument>
      <name>capacity</name>
      <display_name>Input Capacity</display_name>
      <description>The maximum energy input rating of the water heater.</description>
      <type>Double</type>
      <units>kW</units>
      <required>true</required>
      <model_dependent>false</model_dependent>
      <default_value>100000000</default_value>
    </argument>
    <argument>
      <name>energy_factor</name>
      <display_name>Rated Energy Factor</display_name>
      <description>For water heaters, Energy Factor is the ratio of useful energy output from the water heater to the total amount of energy delivered from the water heater. The higher the EF is, the more efficient the water heater. Procedures to test the EF of water heaters are defined by the Department of Energy in 10 Code of Federal Regulation Part 430, Appendix E to Subpart B.</description>
      <type>Double</type>
      <required>true</required>
      <model_dependent>false</model_dependent>
      <default_value>0.99</default_value>
    </argument>
    <argument>
      <name>cycling_derate</name>
      <display_name>Cycling Derate</display_name>
      <description>Annual energy derate for cycling inefficiencies -- accounts for the impact of thermal cycling and small hot water draws on the heat exchanger. CEC's 2008 Title24 implemented an 8% derate for tankless water heaters. </description>
      <type>Double</type>
      <units>Frac</units>
      <required>true</required>
      <model_dependent>false</model_dependent>
      <default_value>0.08</default_value>
    </argument>
  </arguments>
  <outputs/>
  <provenances/>
  <tags>
    <tag>Service Water Heating.Water Heating</tag>
  </tags>
  <attributes>
    <attribute>
      <name>Measure Type</name>
      <value>ModelMeasure</value>
      <datatype>string</datatype>
    </attribute>
    <attribute>
      <name>Uses SketchUp API</name>
      <value>false</value>
      <datatype>boolean</datatype>
    </attribute>
  </attributes>
  <files>
    <file>
      <filename>USA_CO_Denver_Intl_AP_725650_TMY3.ddy</filename>
      <filetype>ddy</filetype>
      <usage_type>test</usage_type>
      <checksum>FB253570</checksum>
    </file>
    <file>
      <filename>USA_CO_Denver_Intl_AP_725650_TMY3.epw</filename>
      <filetype>epw</filetype>
      <usage_type>test</usage_type>
      <checksum>E23378AA</checksum>
    </file>
    <file>
      <filename>MinuteDrawProfilesMaxFlows.csv</filename>
      <filetype>csv</filetype>
      <usage_type>resource</usage_type>
      <checksum>5CD21305</checksum>
    </file>
    <file>
      <filename>psychrometrics.rb</filename>
      <filetype>rb</filetype>
      <usage_type>resource</usage_type>
      <checksum>11E27E42</checksum>
    </file>
    <file>
      <filename>unit_conversions.rb</filename>
      <filetype>rb</filetype>
      <usage_type>resource</usage_type>
      <checksum>31924A51</checksum>
    </file>
    <file>
      <filename>util.rb</filename>
      <filetype>rb</filetype>
      <usage_type>resource</usage_type>
      <checksum>BE5BF810</checksum>
    </file>
    <file>
      <filename>SFD_2000sqft_2story_FB_GRG_UA_3Beds_2Baths.osm</filename>
      <filetype>osm</filetype>
      <usage_type>test</usage_type>
      <checksum>AF2537C3</checksum>
    </file>
    <file>
      <filename>SFD_2000sqft_2story_FB_GRG_UA_3Beds_2Baths_Denver_GasWHTankless.osm</filename>
      <filetype>osm</filetype>
      <usage_type>test</usage_type>
      <checksum>AD257947</checksum>
    </file>
    <file>
      <filename>SFD_2000sqft_2story_FB_GRG_UA_3Beds_2Baths_Denver_OilWHTank.osm</filename>
      <filetype>osm</filetype>
      <usage_type>test</usage_type>
      <checksum>8B39C357</checksum>
    </file>
    <file>
      <filename>SFD_2000sqft_2story_FB_GRG_UA_3Beds_2Baths_Denver_PropaneWHTank.osm</filename>
      <filetype>osm</filetype>
      <usage_type>test</usage_type>
      <checksum>E4D0245A</checksum>
    </file>
    <file>
      <filename>SFD_2000sqft_2story_FB_GRG_UA_3Beds_2Baths_Denver_PropaneWHTankless.osm</filename>
      <filetype>osm</filetype>
      <usage_type>test</usage_type>
      <checksum>3FB3D4AB</checksum>
    </file>
    <file>
      <filename>SFD_2000sqft_2story_FB_GRG_UA_Denver.osm</filename>
      <filetype>osm</filetype>
      <usage_type>test</usage_type>
      <checksum>9260C2F4</checksum>
    </file>
    <file>
      <filename>MF_8units_1story_SL_3Beds_2Baths_Denver.osm</filename>
      <filetype>osm</filetype>
      <usage_type>test</usage_type>
      <checksum>DAC3490B</checksum>
    </file>
    <file>
      <filename>SFA_4units_1story_FB_UA_3Beds_2Baths_Denver.osm</filename>
      <filetype>osm</filetype>
      <usage_type>test</usage_type>
      <checksum>28EB07A1</checksum>
    </file>
    <file>
      <filename>SFD_2000sqft_2story_FB_GRG_UA_3Beds_2Baths_Denver.osm</filename>
      <filetype>osm</filetype>
      <usage_type>test</usage_type>
      <checksum>239DBF88</checksum>
    </file>
    <file>
      <filename>SFD_2000sqft_2story_FB_GRG_UA_3Beds_2Baths_Denver_ElecWHTank.osm</filename>
      <filetype>osm</filetype>
      <usage_type>test</usage_type>
      <checksum>858B867E</checksum>
    </file>
    <file>
      <filename>SFD_2000sqft_2story_FB_GRG_UA_3Beds_2Baths_Denver_HPWH.osm</filename>
      <filetype>osm</filetype>
      <usage_type>test</usage_type>
      <checksum>42DE4C52</checksum>
    </file>
    <file>
      <filename>SFD_2000sqft_2story_FB_GRG_UA_3Beds_2Baths_Denver_GasWHTank.osm</filename>
      <filetype>osm</filetype>
      <usage_type>test</usage_type>
      <checksum>48C9D2AD</checksum>
    </file>
    <file>
      <filename>ResidentialWaterHeaterTanklessElectric_Test.rb</filename>
      <filetype>rb</filetype>
      <usage_type>test</usage_type>
      <checksum>A73E9AD1</checksum>
    </file>
    <file>
      <filename>SFD_2000sqft_2story_FB_GRG_UA_3Beds_2Baths_Denver_ElecWHTankless_SHW.osm</filename>
      <filetype>osm</filetype>
      <usage_type>test</usage_type>
      <checksum>754E16F4</checksum>
    </file>
    <file>
      <filename>SFD_2000sqft_2story_FB_GRG_UA_3Beds_2Baths_Denver_ElecWHTank_SHW.osm</filename>
      <filetype>osm</filetype>
      <usage_type>test</usage_type>
      <checksum>B83E761C</checksum>
    </file>
    <file>
      <filename>SFD_2000sqft_2story_FB_GRG_UA_3Beds_2Baths_Denver_HPWH_SHW.osm</filename>
      <filetype>osm</filetype>
      <usage_type>test</usage_type>
      <checksum>DD81F8F0</checksum>
    </file>
    <file>
      <filename>waterheater.rb</filename>
      <filetype>rb</filetype>
      <usage_type>resource</usage_type>
      <checksum>A9CCB075</checksum>
    </file>
    <file>
      <filename>geometry.rb</filename>
      <filetype>rb</filetype>
      <usage_type>resource</usage_type>
      <checksum>A9382DBC</checksum>
    </file>
    <file>
      <version>
        <software_program>OpenStudio</software_program>
        <identifier>1.4.1</identifier>
        <min_compatible>2.0.4</min_compatible>
      </version>
      <filename>measure.rb</filename>
      <filetype>rb</filetype>
      <usage_type>script</usage_type>
      <checksum>AE070B26</checksum>
    </file>
    <file>
      <filename>constants.rb</filename>
      <filetype>rb</filetype>
      <usage_type>resource</usage_type>
      <checksum>022C15E2</checksum>
    </file>
    <file>
      <filename>weather.rb</filename>
      <filetype>rb</filetype>
      <usage_type>resource</usage_type>
      <checksum>82988A63</checksum>
    </file>
    <file>
      <filename>schedules.rb</filename>
      <filetype>rb</filetype>
      <usage_type>resource</usage_type>
      <checksum>7826E992</checksum>
    </file>
  </files>
</measure>
