<measure>
  <schema_version>3.0</schema_version>
  <name>build_existing_model</name>
  <uid>943cde68-f4bf-4e2e-a984-ab70cba2669c</uid>
  <version_id>65407ca1-37af-40e9-ac10-59225fe4a148</version_id>
  <version_modified>20171211T160812Z</version_modified>
  <xml_checksum>9339BE01</xml_checksum>
  <class_name>BuildExistingModel</class_name>
  <display_name>Build Existing Model</display_name>
  <description>Builds the OpenStudio Model for an existing building.</description>
  <modeler_description>Builds the OpenStudio Model using the sampling csv file, which contains the specified parameters for each existing building. Based on the supplied building number, those parameters are used to run the OpenStudio measures with appropriate arguments and build up the OpenStudio model.</modeler_description>
  <arguments>
    <argument>
      <name>building_id</name>
      <display_name>Building ID</display_name>
      <description>The building number (between 1 and the number of samples).</description>
      <type>Integer</type>
      <required>true</required>
      <model_dependent>false</model_dependent>
    </argument>
    <argument>
      <name>workflow_json</name>
      <display_name>Workflow JSON</display_name>
      <description>The name of the JSON file (in the resources dir) that dictates the order in which measures are to be run. If not provided, the order specified in resources/options_lookup.tsv will be used.</description>
      <type>String</type>
      <required>false</required>
      <model_dependent>false</model_dependent>
    </argument>
    <argument>
      <name>number_of_buildings_represented</name>
      <display_name>Number of Buildings Represented</display_name>
      <description>The total number of buildings represented by the existing building models.</description>
      <type>Integer</type>
      <required>false</required>
      <model_dependent>false</model_dependent>
    </argument>
  </arguments>
  <outputs/>
  <provenances/>
  <tags>
    <tag>Whole Building.Space Types</tag>
  </tags>
  <attributes>
    <attribute>
      <name>Intended Software Tool</name>
      <value>Apply Measure Now</value>
      <datatype>string</datatype>
    </attribute>
    <attribute>
      <name>Intended Software Tool</name>
      <value>OpenStudio Application</value>
      <datatype>string</datatype>
    </attribute>
    <attribute>
      <name>Intended Software Tool</name>
      <value>Parametric Analysis Tool</value>
      <datatype>string</datatype>
    </attribute>
    <attribute>
      <name>Intended Software Tool</name>
      <value>Apply Measure Now</value>
      <datatype>string</datatype>
    </attribute>
    <attribute>
      <name>Intended Software Tool</name>
      <value>OpenStudio Application</value>
      <datatype>string</datatype>
    </attribute>
    <attribute>
      <name>Intended Software Tool</name>
      <value>Parametric Analysis Tool</value>
      <datatype>string</datatype>
    </attribute>
    <attribute>
      <name>Measure Type</name>
      <value>ModelMeasure</value>
      <datatype>string</datatype>
    </attribute>
    <attribute>
      <name>Intended Software Tool</name>
      <value>Apply Measure Now</value>
      <datatype>string</datatype>
    </attribute>
    <attribute>
      <name>Intended Software Tool</name>
      <value>OpenStudio Application</value>
      <datatype>string</datatype>
    </attribute>
    <attribute>
      <name>Intended Software Tool</name>
      <value>Parametric Analysis Tool</value>
      <datatype>string</datatype>
    </attribute>
  </attributes>
  <files>
    <file>
      <version>
        <software_program>OpenStudio</software_program>
        <identifier>1.9.0</identifier>
        <min_compatible>1.9.0</min_compatible>
      </version>
      <filename>measure.rb</filename>
      <filetype>rb</filetype>
      <usage_type>script</usage_type>
      <checksum>F8F81E38</checksum>
    </file>
  </files>
</measure>
