<measure>
  <schema_version>3.0</schema_version>
  <name>simulation_output_report</name>
  <uid>fc337100-8634-404e-8966-01243d292a79</uid>
  <version_id>a1cc25aa-f4f2-4c63-90ae-0fa662042b30</version_id>
  <version_modified>20171211T165135Z</version_modified>
  <xml_checksum>2C8A3EEF</xml_checksum>
  <class_name>SimulationOutputReport</class_name>
  <display_name>Simulation Output Report</display_name>
  <description>Reports simulation outputs of interest.</description>
  <modeler_description>Change me</modeler_description>
  <arguments/>
  <outputs>
    <output>
      <name>total_site_energy_mbtu</name>
      <display_name>total_site_energy_mbtu</display_name>
      <short_name>total_site_energy_mbtu</short_name>
      <type>Double</type>
      <model_dependent>false</model_dependent>
    </output>
    <output>
      <name>total_site_electricity_kwh</name>
      <display_name>total_site_electricity_kwh</display_name>
      <short_name>total_site_electricity_kwh</short_name>
      <type>Double</type>
      <model_dependent>false</model_dependent>
    </output>
    <output>
      <name>total_site_natural_gas_therm</name>
      <display_name>total_site_natural_gas_therm</display_name>
      <short_name>total_site_natural_gas_therm</short_name>
      <type>Double</type>
      <model_dependent>false</model_dependent>
    </output>
    <output>
      <name>total_site_other_fuel_mbtu</name>
      <display_name>total_site_other_fuel_mbtu</display_name>
      <short_name>total_site_other_fuel_mbtu</short_name>
      <type>Double</type>
      <model_dependent>false</model_dependent>
    </output>
    <output>
      <name>net_site_energy_mbtu</name>
      <display_name>net_site_energy_mbtu</display_name>
      <short_name>net_site_energy_mbtu</short_name>
      <type>Double</type>
      <model_dependent>false</model_dependent>
    </output>
    <output>
      <name>net_site_electricity_kwh</name>
      <display_name>net_site_electricity_kwh</display_name>
      <short_name>net_site_electricity_kwh</short_name>
      <type>Double</type>
      <model_dependent>false</model_dependent>
    </output>
    <output>
      <name>electricity_heating_kwh</name>
      <display_name>electricity_heating_kwh</display_name>
      <short_name>electricity_heating_kwh</short_name>
      <type>Double</type>
      <model_dependent>false</model_dependent>
    </output>
    <output>
      <name>electricity_cooling_kwh</name>
      <display_name>electricity_cooling_kwh</display_name>
      <short_name>electricity_cooling_kwh</short_name>
      <type>Double</type>
      <model_dependent>false</model_dependent>
    </output>
    <output>
      <name>electricity_interior_lighting_kwh</name>
      <display_name>electricity_interior_lighting_kwh</display_name>
      <short_name>electricity_interior_lighting_kwh</short_name>
      <type>Double</type>
      <model_dependent>false</model_dependent>
    </output>
    <output>
      <name>electricity_exterior_lighting_kwh</name>
      <display_name>electricity_exterior_lighting_kwh</display_name>
      <short_name>electricity_exterior_lighting_kwh</short_name>
      <type>Double</type>
      <model_dependent>false</model_dependent>
    </output>
    <output>
      <name>electricity_interior_equipment_kwh</name>
      <display_name>electricity_interior_equipment_kwh</display_name>
      <short_name>electricity_interior_equipment_kwh</short_name>
      <type>Double</type>
      <model_dependent>false</model_dependent>
    </output>
    <output>
      <name>electricity_fans_kwh</name>
      <display_name>electricity_fans_kwh</display_name>
      <short_name>electricity_fans_kwh</short_name>
      <type>Double</type>
      <model_dependent>false</model_dependent>
    </output>
    <output>
      <name>electricity_pumps_kwh</name>
      <display_name>electricity_pumps_kwh</display_name>
      <short_name>electricity_pumps_kwh</short_name>
      <type>Double</type>
      <model_dependent>false</model_dependent>
    </output>
    <output>
      <name>electricity_water_systems_kwh</name>
      <display_name>electricity_water_systems_kwh</display_name>
      <short_name>electricity_water_systems_kwh</short_name>
      <type>Double</type>
      <model_dependent>false</model_dependent>
    </output>
    <output>
      <name>electricity_pv_kwh</name>
      <display_name>electricity_pv_kwh</display_name>
      <short_name>electricity_pv_kwh</short_name>
      <type>Double</type>
      <model_dependent>false</model_dependent>
    </output>
    <output>
      <name>natural_gas_heating_therm</name>
      <display_name>natural_gas_heating_therm</display_name>
      <short_name>natural_gas_heating_therm</short_name>
      <type>Double</type>
      <model_dependent>false</model_dependent>
    </output>
    <output>
      <name>natural_gas_interior_equipment_therm</name>
      <display_name>natural_gas_interior_equipment_therm</display_name>
      <short_name>natural_gas_interior_equipment_therm</short_name>
      <type>Double</type>
      <model_dependent>false</model_dependent>
    </output>
    <output>
      <name>natural_gas_water_systems_therm</name>
      <display_name>natural_gas_water_systems_therm</display_name>
      <short_name>natural_gas_water_systems_therm</short_name>
      <type>Double</type>
      <model_dependent>false</model_dependent>
    </output>
    <output>
      <name>other_fuel_heating_mbtu</name>
      <display_name>other_fuel_heating_mbtu</display_name>
      <short_name>other_fuel_heating_mbtu</short_name>
      <type>Double</type>
      <model_dependent>false</model_dependent>
    </output>
    <output>
      <name>other_fuel_interior_equipment_mbtu</name>
      <display_name>other_fuel_interior_equipment_mbtu</display_name>
      <short_name>other_fuel_interior_equipment_mbtu</short_name>
      <type>Double</type>
      <model_dependent>false</model_dependent>
    </output>
    <output>
      <name>other_fuel_water_systems_mbtu</name>
      <display_name>other_fuel_water_systems_mbtu</display_name>
      <short_name>other_fuel_water_systems_mbtu</short_name>
      <type>Double</type>
      <model_dependent>false</model_dependent>
    </output>
    <output>
      <name>hours_heating_setpoint_not_met</name>
      <display_name>hours_heating_setpoint_not_met</display_name>
      <short_name>hours_heating_setpoint_not_met</short_name>
      <type>Double</type>
      <model_dependent>false</model_dependent>
    </output>
    <output>
      <name>hours_cooling_setpoint_not_met</name>
      <display_name>hours_cooling_setpoint_not_met</display_name>
      <short_name>hours_cooling_setpoint_not_met</short_name>
      <type>Double</type>
      <model_dependent>false</model_dependent>
    </output>
    <output>
      <name>hvac_cooling_capacity_w</name>
      <display_name>hvac_cooling_capacity_w</display_name>
      <short_name>hvac_cooling_capacity_w</short_name>
      <type>Double</type>
      <model_dependent>false</model_dependent>
    </output>
    <output>
      <name>hvac_heating_capacity_w</name>
      <display_name>hvac_heating_capacity_w</display_name>
      <short_name>hvac_heating_capacity_w</short_name>
      <type>Double</type>
      <model_dependent>false</model_dependent>
    </output>
    <output>
      <name>upgrade_name</name>
      <display_name>upgrade_name</display_name>
      <short_name>upgrade_name</short_name>
      <type>Double</type>
      <model_dependent>false</model_dependent>
    </output>
    <output>
      <name>upgrade_cost_usd</name>
      <display_name>upgrade_cost_usd</display_name>
      <short_name>upgrade_cost_usd</short_name>
      <type>Double</type>
      <model_dependent>false</model_dependent>
    </output>
    <output>
      <name>upgrade_option_01_cost_usd</name>
      <display_name>upgrade_option_01_cost_usd</display_name>
      <short_name>upgrade_option_01_cost_usd</short_name>
      <type>Double</type>
      <model_dependent>false</model_dependent>
    </output>
    <output>
      <name>upgrade_option_01_lifetime_yrs</name>
      <display_name>upgrade_option_01_lifetime_yrs</display_name>
      <short_name>upgrade_option_01_lifetime_yrs</short_name>
      <type>Double</type>
      <model_dependent>false</model_dependent>
    </output>
    <output>
      <name>upgrade_option_02_cost_usd</name>
      <display_name>upgrade_option_02_cost_usd</display_name>
      <short_name>upgrade_option_02_cost_usd</short_name>
      <type>Double</type>
      <model_dependent>false</model_dependent>
    </output>
    <output>
      <name>upgrade_option_02_lifetime_yrs</name>
      <display_name>upgrade_option_02_lifetime_yrs</display_name>
      <short_name>upgrade_option_02_lifetime_yrs</short_name>
      <type>Double</type>
      <model_dependent>false</model_dependent>
    </output>
    <output>
      <name>upgrade_option_03_cost_usd</name>
      <display_name>upgrade_option_03_cost_usd</display_name>
      <short_name>upgrade_option_03_cost_usd</short_name>
      <type>Double</type>
      <model_dependent>false</model_dependent>
    </output>
    <output>
      <name>upgrade_option_03_lifetime_yrs</name>
      <display_name>upgrade_option_03_lifetime_yrs</display_name>
      <short_name>upgrade_option_03_lifetime_yrs</short_name>
      <type>Double</type>
      <model_dependent>false</model_dependent>
    </output>
    <output>
      <name>upgrade_option_04_cost_usd</name>
      <display_name>upgrade_option_04_cost_usd</display_name>
      <short_name>upgrade_option_04_cost_usd</short_name>
      <type>Double</type>
      <model_dependent>false</model_dependent>
    </output>
    <output>
      <name>upgrade_option_04_lifetime_yrs</name>
      <display_name>upgrade_option_04_lifetime_yrs</display_name>
      <short_name>upgrade_option_04_lifetime_yrs</short_name>
      <type>Double</type>
      <model_dependent>false</model_dependent>
    </output>
    <output>
      <name>upgrade_option_05_cost_usd</name>
      <display_name>upgrade_option_05_cost_usd</display_name>
      <short_name>upgrade_option_05_cost_usd</short_name>
      <type>Double</type>
      <model_dependent>false</model_dependent>
    </output>
    <output>
      <name>upgrade_option_05_lifetime_yrs</name>
      <display_name>upgrade_option_05_lifetime_yrs</display_name>
      <short_name>upgrade_option_05_lifetime_yrs</short_name>
      <type>Double</type>
      <model_dependent>false</model_dependent>
    </output>
    <output>
      <name>upgrade_option_06_cost_usd</name>
      <display_name>upgrade_option_06_cost_usd</display_name>
      <short_name>upgrade_option_06_cost_usd</short_name>
      <type>Double</type>
      <model_dependent>false</model_dependent>
    </output>
    <output>
      <name>upgrade_option_06_lifetime_yrs</name>
      <display_name>upgrade_option_06_lifetime_yrs</display_name>
      <short_name>upgrade_option_06_lifetime_yrs</short_name>
      <type>Double</type>
      <model_dependent>false</model_dependent>
    </output>
    <output>
      <name>upgrade_option_07_cost_usd</name>
      <display_name>upgrade_option_07_cost_usd</display_name>
      <short_name>upgrade_option_07_cost_usd</short_name>
      <type>Double</type>
      <model_dependent>false</model_dependent>
    </output>
    <output>
      <name>upgrade_option_07_lifetime_yrs</name>
      <display_name>upgrade_option_07_lifetime_yrs</display_name>
      <short_name>upgrade_option_07_lifetime_yrs</short_name>
      <type>Double</type>
      <model_dependent>false</model_dependent>
    </output>
    <output>
      <name>upgrade_option_08_cost_usd</name>
      <display_name>upgrade_option_08_cost_usd</display_name>
      <short_name>upgrade_option_08_cost_usd</short_name>
      <type>Double</type>
      <model_dependent>false</model_dependent>
    </output>
    <output>
      <name>upgrade_option_08_lifetime_yrs</name>
      <display_name>upgrade_option_08_lifetime_yrs</display_name>
      <short_name>upgrade_option_08_lifetime_yrs</short_name>
      <type>Double</type>
      <model_dependent>false</model_dependent>
    </output>
    <output>
      <name>upgrade_option_09_cost_usd</name>
      <display_name>upgrade_option_09_cost_usd</display_name>
      <short_name>upgrade_option_09_cost_usd</short_name>
      <type>Double</type>
      <model_dependent>false</model_dependent>
    </output>
    <output>
      <name>upgrade_option_09_lifetime_yrs</name>
      <display_name>upgrade_option_09_lifetime_yrs</display_name>
      <short_name>upgrade_option_09_lifetime_yrs</short_name>
      <type>Double</type>
      <model_dependent>false</model_dependent>
    </output>
    <output>
      <name>upgrade_option_10_cost_usd</name>
      <display_name>upgrade_option_10_cost_usd</display_name>
      <short_name>upgrade_option_10_cost_usd</short_name>
      <type>Double</type>
      <model_dependent>false</model_dependent>
    </output>
    <output>
      <name>upgrade_option_10_lifetime_yrs</name>
      <display_name>upgrade_option_10_lifetime_yrs</display_name>
      <short_name>upgrade_option_10_lifetime_yrs</short_name>
      <type>Double</type>
      <model_dependent>false</model_dependent>
    </output>
    <output>
      <name>weight</name>
      <display_name>weight</display_name>
      <short_name>weight</short_name>
      <type>Double</type>
      <model_dependent>false</model_dependent>
    </output>
  </outputs>
  <provenances/>
  <tags>
    <tag>Reporting.QAQC</tag>
  </tags>
  <attributes>
    <attribute>
      <name>Measure Type</name>
      <value>ReportingMeasure</value>
      <datatype>string</datatype>
    </attribute>
    <attribute>
      <name>Uses SketchUp API</name>
      <value>false</value>
      <datatype>boolean</datatype>
    </attribute>
  </attributes>
  <files>
    <file>
      <filename>SFD_1story_FB_UA_GRG_MSHP_FuelTanklessWH.osm</filename>
      <filetype>osm</filetype>
      <usage_type>test</usage_type>
      <checksum>14D80F39</checksum>
    </file>
    <file>
      <filename>SFD_1story_FB_UA_GRG_RoomAC_ElecBoiler_FuelTanklessWH.osm</filename>
      <filetype>osm</filetype>
      <usage_type>test</usage_type>
      <checksum>68A40992</checksum>
    </file>
    <file>
      <filename>SFD_1story_UB_UA_ASHP2_HPWH.osm</filename>
      <filetype>osm</filetype>
      <usage_type>test</usage_type>
      <checksum>8BC04B9E</checksum>
    </file>
    <file>
      <filename>SFD_1story_UB_UA_GRG_ACV_FuelFurnace_HPWH.osm</filename>
      <filetype>osm</filetype>
      <usage_type>test</usage_type>
      <checksum>B1DF90C4</checksum>
    </file>
    <file>
      <filename>SFD_2story_CS_UA_AC2_FuelBoiler_FuelTankWH.osm</filename>
      <filetype>osm</filetype>
      <usage_type>test</usage_type>
      <checksum>EB82D905</checksum>
    </file>
    <file>
      <filename>SFD_2story_CS_UA_GRG_ASHPV_FuelTanklessWH.osm</filename>
      <filetype>osm</filetype>
      <usage_type>test</usage_type>
      <checksum>9CC2EB09</checksum>
    </file>
    <file>
      <filename>SFD_2story_FB_UA_GRG_AC1_ElecBaseboard_FuelTankWH.osm</filename>
      <filetype>osm</filetype>
      <usage_type>test</usage_type>
      <checksum>77A7FB56</checksum>
    </file>
    <file>
      <filename>SFD_2story_FB_UA_GRG_GSHP_ElecTanklessWH.osm</filename>
      <filetype>osm</filetype>
      <usage_type>test</usage_type>
      <checksum>BD1E181E</checksum>
    </file>
    <file>
      <filename>SFD_2story_PB_UA_ElecFurnace_ElecTankWH.osm</filename>
      <filetype>osm</filetype>
      <usage_type>test</usage_type>
      <checksum>9E750A3F</checksum>
    </file>
    <file>
      <filename>SFD_2story_S_UA_GRG_ASHP1_FuelTanklessWH.osm</filename>
      <filetype>osm</filetype>
      <usage_type>test</usage_type>
      <checksum>B2BBF40A</checksum>
    </file>
    <file>
      <filename>simulation_output_report_test.rb</filename>
      <filetype>rb</filetype>
      <usage_type>test</usage_type>
      <checksum>E5807012</checksum>
    </file>
    <file>
      <version>
        <software_program>OpenStudio</software_program>
        <identifier>1.1.2</identifier>
        <min_compatible>1.1.2</min_compatible>
      </version>
      <filename>measure.rb</filename>
      <filetype>rb</filetype>
      <usage_type>script</usage_type>
      <checksum>420F6F36</checksum>
    </file>
  </files>
</measure>
