Dependency=location	Option=Flex_LightDistribution	Option=Flex_LightManufacturing	Option=Flex_R_D	Option=Flex_Showroom	Option=Flex_TelecomHotel_DataHosting	Option=HealthCare_AssistedLiving	Option=HealthCare_CongregateSeniorHousing	Option=HealthCare_ContinuingCareRetirementCommunity	Option=HealthCare_Hospital	Option=HealthCare_RehabilitationCenter	Option=HealthCare_SkilledNursingFacility	Option=Hospitality_Hotel	Option=Hospitality_HotelCasino	Option=Hospitality_Motel	Option=Hospitality_SingleRoomOccupancyHotel	Option=Industrial_Distribution	Option=Industrial_FoodProcessing	Option=Industrial_Manufacturing	Option=Industrial_Refrigeration_ColdStorage	Option=Industrial_Service	Option=Industrial_Showroom	Option=Industrial_TelecomHotel_DataHosting	Option=Industrial_TruckTerminal	Option=Industrial_Warehouse	Option=Land_Commercial	Option=Land_Industrial	Option=Multi_Family_Apartments	Option=Multi_Family_Dormitory	Option=Multi_Family_ManufacturedHousing_MobileHomePark	Option=Office_IndustrialLive_WorkUnit	Option=Office_Loft_CreativeSpace	Option=Office_Medical	Option=Office_OfficeLive_WorkUnit	Option=Office_Office_Residential	Option=Office_TelecomHotel_DataHosting	Option=Retail_AutoDealership	Option=Retail_AutoRepair	Option=Retail_Bank	Option=Retail_Bar	Option=Retail_BowlingAlley	Option=Retail_ConvenienceStore	Option=Retail_DayCareCenter	Option=Retail_DepartmentStore	Option=Retail_DrugStore	Option=Retail_FastFood	Option=Retail_Freestanding	Option=Retail_FuneralHome	Option=Retail_GardenCenter	Option=Retail_HealthClub	Option=Retail_MovieTheatre	Option=Retail_Restaurant	Option=Retail_ServiceStation	Option=Retail_Storefront	Option=Retail_StorefrontRetail_Office	Option=Retail_StorefrontRetail_Residential	Option=Retail_Supermarket	Option=Retail_TruckStop	Option=Retail_Veterinarian_Kennel	Option=Specialty_AirplaneHangar	Option=Specialty_Airport	Option=Specialty_AutoSalvageFacility	Option=Specialty_CarWash	Option=Specialty_Cement_GravelPlant	Option=Specialty_Cemetery_Mausoleum	Option=Specialty_Chemical_OilRefinery	Option=Specialty_ContractorStorageYard	Option=Specialty_CorrectionalFacility	Option=Specialty_Drive_inMovie	Option=Specialty_Landfill	Option=Specialty_Lodge_MeetingHall	Option=Specialty_Lumberyard	Option=Specialty_Marina	Option=Specialty_Movie_Radio_TVStudio	Option=Specialty_ParkingGarage	Option=Specialty_ParkingLot	Option=Specialty_Police_FireStation	Option=Specialty_PostOffice	Option=Specialty_PublicLibrary	Option=Specialty_Radio_TVTransmissionFacilities	Option=Specialty_RailroadYard	Option=Specialty_RecyclingCenter	Option=Specialty_ReligiousFacility	Option=Specialty_Schools	Option=Specialty_Self_Storage	Option=Specialty_Shelter	Option=Specialty_Shipyard	Option=Specialty_Sorority_FraternityHouse	Option=Specialty_Trailer_CamperPark	Option=Specialty_UtilitySub_Station	Option=Specialty_WaterRetentionFacility	Option=Specialty_WaterTreatmentFacility	Option=Specialty_Winery_Vineyard	Option=Sports_Entertainment_AmusementPark	Option=Sports_Entertainment_BaseballField	Option=Sports_Entertainment_Casino	Option=Sports_Entertainment_GolfCourse_DrivingRange	Option=Sports_Entertainment_HorseStables	Option=Sports_Entertainment_RaceTrack	Option=Sports_Entertainment_SkatingRink	Option=Sports_Entertainment_SwimmingPool	Option=Sports_Entertainment_Theater_ConcertHall
VT_Essex	0.0	0.0	0.0	0.0	0.0	0.0	0.0	0.0	0.0	0.0	0.0	0.038461538461538464	0.0	0.0	0.0	0.0	0.0	0.07692307692307693	0.0	0.0	0.0	0.0	0.0	0.07692307692307693	0.0	0.0	0.0	0.0	0.0	0.0	0.0	0.0	0.0	0.0	0.0	0.0	0.0	0.0	0.0	0.0	0.0	0.0	0.0	0.0	0.0	0.23076923076923078	0.0	0.0	0.0	0.0	0.11538461538461539	0.038461538461538464	0.0	0.038461538461538464	0.038461538461538464	0.0	0.0	0.0	0.0	0.0	0.0	0.0	0.0	0.0	0.0	0.0	0.0	0.0	0.0	0.0	0.0	0.0	0.0	0.0	0.0	0.0	0.3076923076923077	0.0	0.0	0.0	0.0	0.038461538461538464	0.0	0.0	0.0	0.0	0.0	0.0	0.0	0.0	0.0	0.0	0.0	0.0	0.0	0.0	0.0	0.0	0.0	0.0	0.0
VT_Caledonia	0.0	0.0	0.0	0.0	0.0	0.0	0.0	0.0	0.0	0.0	0.0	0.015037593984962405	0.0	0.022556390977443608	0.0	0.0	0.0	0.03007518796992481	0.0	0.007518796992481203	0.0	0.0	0.0	0.03759398496240601	0.0	0.0	0.05263157894736842	0.0	0.0	0.007518796992481203	0.022556390977443608	0.022556390977443608	0.015037593984962405	0.007518796992481203	0.0	0.03759398496240601	0.007518796992481203	0.07518796992481203	0.0	0.0	0.045112781954887216	0.0	0.0	0.03759398496240601	0.022556390977443608	0.23308270676691728	0.0	0.0	0.0	0.007518796992481203	0.03007518796992481	0.03759398496240601	0.03759398496240601	0.007518796992481203	0.05263157894736842	0.0	0.0	0.0	0.0	0.0	0.0	0.0	0.0	0.0	0.0	0.0	0.0	0.0	0.0	0.0	0.0	0.0	0.0	0.0	0.0	0.0	0.09774436090225563	0.0	0.0	0.0	0.0	0.0	0.015037593984962405	0.0	0.0	0.0	0.0	0.007518796992481203	0.0	0.0	0.0	0.0	0.0	0.0	0.0	0.007518796992481203	0.0	0.0	0.0	0.0	0.0
VT_Franklin	0.0	0.005847953216374269	0.0	0.0	0.0	0.005847953216374269	0.0	0.0	0.0	0.0	0.0	0.017543859649122806	0.0	0.005847953216374269	0.0	0.023391812865497075	0.0	0.04093567251461988	0.0	0.0	0.0	0.0	0.0	0.05263157894736842	0.0	0.0	0.04093567251461988	0.0	0.0	0.0	0.0	0.005847953216374269	0.011695906432748537	0.0	0.0	0.03508771929824561	0.011695906432748537	0.05847953216374269	0.005847953216374269	0.0	0.005847953216374269	0.005847953216374269	0.0	0.011695906432748537	0.04678362573099415	0.15204678362573099	0.0	0.0	0.0	0.0	0.05847953216374269	0.12280701754385964	0.08771929824561403	0.03508771929824561	0.06432748538011696	0.011695906432748537	0.0	0.005847953216374269	0.0	0.0	0.0	0.005847953216374269	0.0	0.0	0.0	0.0	0.0	0.0	0.0	0.005847953216374269	0.0	0.0	0.0	0.0	0.0	0.0	0.05263157894736842	0.0	0.0	0.0	0.0	0.0	0.0	0.0	0.0	0.0	0.0	0.0	0.0	0.0	0.0	0.0	0.0	0.0	0.0	0.0	0.0	0.0	0.0	0.0	0.005847953216374269
MA_Hampshire	0.003228410008071025	0.002421307506053269	0.0	0.0016142050040355124	0.0	0.0016142050040355124	0.0	0.0008071025020177562	0.0016142050040355124	0.0	0.004035512510088781	0.00887812752219532	0.0	0.004842615012106538	0.0	0.003228410008071025	0.0008071025020177562	0.01775625504439064	0.0008071025020177562	0.007263922518159807	0.002421307506053269	0.0	0.0008071025020177562	0.08393866020984665	0.0	0.0	0.11138014527845036	0.002421307506053269	0.0	0.0016142050040355124	0.0016142050040355124	0.02744148506860371	0.004035512510088781	0.01533494753833737	0.0	0.020177562550443905	0.03389830508474576	0.029055690072639227	0.002421307506053269	0.0016142050040355124	0.01533494753833737	0.003228410008071025	0.0016142050040355124	0.005649717514124294	0.01775625504439064	0.1735270379338176	0.005649717514124294	0.004035512510088781	0.004842615012106538	0.0008071025020177562	0.05488297013720742	0.02744148506860371	0.05488297013720742	0.08393866020984665	0.07667473769168684	0.004842615012106538	0.0	0.00645682001614205	0.0	0.0	0.0016142050040355124	0.004842615012106538	0.0008071025020177562	0.0	0.0	0.0	0.0	0.0	0.0	0.00645682001614205	0.0008071025020177562	0.0008071025020177562	0.0	0.0	0.0	0.0008071025020177562	0.008071025020177562	0.0008071025020177562	0.0	0.0	0.0	0.00887812752219532	0.00887812752219532	0.00887812752219532	0.0008071025020177562	0.0	0.0016142050040355124	0.0	0.0008071025020177562	0.0	0.0	0.0	0.0	0.0	0.0	0.004035512510088781	0.0	0.0	0.0	0.0	0.002421307506053269
ME_Sagadahoc	0.0	0.0	0.0	0.0	0.0	0.0029411764705882353	0.0	0.0029411764705882353	0.0	0.0029411764705882353	0.0	0.023529411764705882	0.0	0.0	0.0	0.0	0.0029411764705882353	0.0	0.0	0.0029411764705882353	0.0058823529411764705	0.0	0.0	0.047058823529411764	0.0	0.0	0.12352941176470589	0.0	0.0058823529411764705	0.0	0.0029411764705882353	0.023529411764705882	0.01764705882352941	0.008823529411764706	0.0	0.014705882352941176	0.03823529411764706	0.029411764705882353	0.0	0.0	0.03823529411764706	0.0029411764705882353	0.0029411764705882353	0.0058823529411764705	0.03235294117647059	0.19117647058823528	0.0029411764705882353	0.0	0.0029411764705882353	0.0	0.058823529411764705	0.011764705882352941	0.08823529411764706	0.029411764705882353	0.06764705882352941	0.0029411764705882353	0.0	0.0029411764705882353	0.0	0.0	0.0	0.008823529411764706	0.0029411764705882353	0.0	0.0	0.0	0.0	0.0	0.0	0.014705882352941176	0.0	0.0058823529411764705	0.0	0.0029411764705882353	0.0	0.0058823529411764705	0.020588235294117647	0.0029411764705882353	0.0	0.0	0.0	0.014705882352941176	0.0058823529411764705	0.008823529411764706	0.0	0.0	0.0	0.0	0.0	0.0	0.0	0.0	0.0	0.0	0.0	0.0	0.0	0.0	0.0058823529411764705	0.0	0.0029411764705882353
NH_Strafford	0.006304176516942475	0.006304176516942475	0.0015760441292356187	0.0015760441292356187	0.0	0.0031520882584712374	0.0	0.0015760441292356187	0.0007880220646178094	0.0	0.0	0.008668242710795903	0.0	0.003940110323089046	0.0	0.004728132387706856	0.0015760441292356187	0.03152088258471237	0.0007880220646178094	0.005516154452324665	0.0	0.0	0.0015760441292356187	0.06619385342789598	0.0	0.0	0.14026792750197006	0.008668242710795903	0.002364066193853428	0.0	0.004728132387706856	0.04412923561859732	0.006304176516942475	0.01103230890464933	0.0	0.0252167060677699	0.037037037037037035	0.018124507486209612	0.0015760441292356187	0.0007880220646178094	0.029156816390858944	0.0031520882584712374	0.0	0.007880220646178092	0.022852639873916468	0.19936958234830576	0.003940110323089046	0.003940110323089046	0.0015760441292356187	0.0015760441292356187	0.04334121355397951	0.01182033096926714	0.0504334121355398	0.03467297084318361	0.05752561071710008	0.003940110323089046	0.0	0.003940110323089046	0.0007880220646178094	0.0	0.0	0.01024428684003152	0.0	0.0	0.0	0.0	0.0	0.0	0.0	0.01103230890464933	0.0	0.0007880220646178094	0.0	0.0	0.0	0.0007880220646178094	0.008668242710795903	0.0031520882584712374	0.0	0.0	0.0007880220646178094	0.019700551615445233	0.002364066193853428	0.01103230890464933	0.0	0.0	0.0015760441292356187	0.0	0.0	0.0	0.0	0.0	0.0	0.0	0.0	0.0	0.0007880220646178094	0.0	0.0015760441292356187	0.0	0.0015760441292356187
ME_Franklin	0.0051813471502590676	0.0	0.0	0.0051813471502590676	0.0	0.0	0.0	0.0	0.0	0.0	0.0	0.03626943005181347	0.0	0.015544041450777202	0.0	0.0	0.010362694300518135	0.0051813471502590676	0.0	0.0	0.0051813471502590676	0.0	0.0	0.04145077720207254	0.0	0.0	0.05699481865284974	0.0051813471502590676	0.025906735751295335	0.0	0.0	0.031088082901554404	0.0051813471502590676	0.0051813471502590676	0.0	0.015544041450777202	0.015544041450777202	0.046632124352331605	0.0	0.0	0.05181347150259067	0.0	0.0	0.010362694300518135	0.031088082901554404	0.20725388601036268	0.0	0.0	0.0	0.0051813471502590676	0.06735751295336788	0.02072538860103627	0.05699481865284974	0.046632124352331605	0.06735751295336788	0.010362694300518135	0.0	0.0	0.0	0.0	0.0	0.0051813471502590676	0.0	0.0	0.0	0.0	0.0	0.0	0.0	0.0	0.0	0.0051813471502590676	0.0	0.0	0.0	0.0	0.05181347150259067	0.0	0.0	0.0	0.0	0.0051813471502590676	0.0051813471502590676	0.0	0.0	0.0	0.0	0.015544041450777202	0.0	0.0	0.0	0.0	0.0	0.0	0.0	0.0	0.0051813471502590676	0.0	0.0	0.0	0.0
VT_Grand_Isle	0.0	0.0	0.0	0.0	0.0	0.0	0.0	0.0	0.0	0.0	0.0	0.043478260869565216	0.0	0.0	0.0	0.0	0.0	0.0	0.0	0.0	0.0	0.0	0.0	0.0	0.0	0.0	0.17391304347826086	0.0	0.0	0.0	0.0	0.0	0.0	0.0	0.0	0.0	0.0	0.043478260869565216	0.0	0.0	0.0	0.0	0.0	0.0	0.0	0.2608695652173913	0.0	0.0	0.0	0.0	0.043478260869565216	0.17391304347826086	0.0	0.0	0.0	0.0	0.0	0.0	0.0	0.0	0.0	0.0	0.0	0.0	0.0	0.0	0.0	0.0	0.0	0.043478260869565216	0.0	0.0	0.0	0.0	0.0	0.0	0.17391304347826086	0.0	0.0	0.0	0.0	0.043478260869565216	0.0	0.0	0.0	0.0	0.0	0.0	0.0	0.0	0.0	0.0	0.0	0.0	0.0	0.0	0.0	0.0	0.0	0.0	0.0
MA_Plymouth	0.007869589657110737	0.010399100618324901	0.00505902192242833	0.0039347948285553686	0.0	0.002810567734682406	0.0	0.0002810567734682406	0.001405283867341203	0.0	0.007307476110174255	0.00477796514896009	0.0	0.00505902192242833	0.002810567734682406	0.005621135469364812	0.0005621135469364812	0.03288364249578415	0.0008431703204047217	0.02304665542439573	0.00477796514896009	0.0	0.0011242270938729624	0.11326587970770095	0.0	0.0	0.13631253513209668	0.0011242270938729624	0.003372681281618887	0.0011242270938729624	0.002529510961214165	0.028105677346824058	0.006745362563237774	0.008993816750983699	0.0	0.019955030916245082	0.02951096121416526	0.020517144463181564	0.0022484541877459247	0.0	0.015739179314221474	0.004496908375491849	0.0019673974142776843	0.010680157391793142	0.02304665542439573	0.18549747048903878	0.002529510961214165	0.0022484541877459247	0.0019673974142776843	0.0005621135469364812	0.05030916245081506	0.026419336706014616	0.05002810567734682	0.03794266441821248	0.045531197301854974	0.006464305789769534	0.0	0.0019673974142776843	0.0	0.0	0.0002810567734682406	0.0016863406408094434	0.0005621135469364812	0.0	0.0	0.0005621135469364812	0.0	0.0	0.0002810567734682406	0.003372681281618887	0.0002810567734682406	0.0022484541877459247	0.0	0.0005621135469364812	0.0005621135469364812	0.0008431703204047217	0.006183249016301293	0.0002810567734682406	0.0002810567734682406	0.0	0.0002810567734682406	0.00477796514896009	0.002810567734682406	0.006464305789769534	0.0005621135469364812	0.0002810567734682406	0.0	0.0	0.0005621135469364812	0.0	0.0002810567734682406	0.0	0.0005621135469364812	0.0	0.0	0.0022484541877459247	0.0005621135469364812	0.0	0.0	0.0005621135469364812	0.0002810567734682406
ME_Cumberland	0.009965969859017987	0.0021876519202722413	0.0004861448711716091	0.0004861448711716091	0.0009722897423432182	0.003889158969372873	0.00024307243558580456	0.0012153621779290229	0.0019445794846864365	0.0007292173067574137	0.0	0.013612056392805057	0.0	0.014098201263976665	0.00024307243558580456	0.012639766650461837	0.004375303840544483	0.014098201263976665	0.0007292173067574137	0.027467185221195917	0.0009722897423432182	0.0	0.0036460865337870686	0.08920758385999028	0.0	0.0	0.1582401555663588	0.0014584346135148275	0.0012153621779290229	0.0009722897423432182	0.004375303840544483	0.04448225571220223	0.011424404472532814	0.006806028196402528	0.00024307243558580456	0.01434127369956247	0.03087019931939718	0.022848808945065628	0.0019445794846864365	0.0012153621779290229	0.024550315994166263	0.005590666018473505	0.0007292173067574137	0.003889158969372873	0.014827418570734078	0.1920272241127856	0.0012153621779290229	0.00267379679144385	0.0014584346135148275	0.0007292173067574137	0.05809431210500729	0.00850753524550316	0.036217792902284884	0.04423918327661643	0.04837141468157511	0.0021876519202722413	0.00024307243558580456	0.0031599416626154593	0.00024307243558580456	0.00024307243558580456	0.00024307243558580456	0.004132231404958678	0.0012153621779290229	0.0	0.0014584346135148275	0.00024307243558580456	0.0	0.0	0.0004861448711716091	0.007049100631988332	0.0	0.0009722897423432182	0.00024307243558580456	0.00267379679144385	0.0004861448711716091	0.0012153621779290229	0.00583373845405931	0.0012153621779290229	0.0007292173067574137	0.0	0.0	0.007049100631988332	0.0031599416626154593	0.003403014098201264	0.00024307243558580456	0.0009722897423432182	0.0	0.00024307243558580456	0.0	0.0	0.0	0.0	0.0	0.00024307243558580456	0.0	0.00024307243558580456	0.0004861448711716091	0.0004861448711716091	0.0007292173067574137	0.0	0.001701507049100632
VT_Chittenden	0.010830324909747292	0.0024067388688327317	0.0024067388688327317	0.0012033694344163659	0.0	0.00842358604091456	0.0012033694344163659	0.0	0.0024067388688327317	0.0	0.0	0.01684717208182912	0.0	0.009626955475330927	0.0012033694344163659	0.012033694344163659	0.0024067388688327317	0.021660649819494584	0.0024067388688327317	0.0036101083032490976	0.006016847172081829	0.0	0.0048134777376654635	0.11552346570397112	0.0	0.0	0.1299638989169675	0.0048134777376654635	0.0	0.0024067388688327317	0.0036101083032490976	0.021660649819494584	0.0036101083032490976	0.012033694344163659	0.0	0.02286401925391095	0.01684717208182912	0.032490974729241874	0.0	0.0	0.009626955475330927	0.0036101083032490976	0.0012033694344163659	0.010830324909747292	0.018050541516245487	0.17328519855595667	0.0	0.0	0.0	0.0012033694344163659	0.04693140794223827	0.07460890493381468	0.05896510228640193	0.049338146811071	0.036101083032490974	0.006016847172081829	0.0	0.0012033694344163659	0.0	0.0	0.0	0.0024067388688327317	0.0012033694344163659	0.0	0.0	0.0	0.0	0.0012033694344163659	0.0	0.0	0.0	0.0	0.0	0.0	0.0	0.0	0.012033694344163659	0.0	0.0	0.0	0.0	0.006016847172081829	0.007220216606498195	0.0024067388688327317	0.0	0.0	0.0	0.0	0.0	0.0	0.0	0.0012033694344163659	0.0	0.0	0.0	0.0	0.0	0.0	0.0	0.0	0.0
NH_Rockingham	0.020780856423173802	0.012594458438287154	0.004722921914357683	0.0006297229219143577	0.00031486146095717883	0.001889168765743073	0.0006297229219143577	0.0	0.0012594458438287153	0.001889168765743073	0.00031486146095717883	0.011964735516372796	0.0	0.01920654911838791	0.0009445843828715365	0.009445843828715366	0.0015743073047858943	0.029282115869017633	0.0009445843828715365	0.015428211586901764	0.0006297229219143577	0.0	0.0012594458438287153	0.08879093198992444	0.0	0.0	0.0654911838790932	0.0	0.0025188916876574307	0.0015743073047858943	0.0012594458438287153	0.031171284634760706	0.00850125944584383	0.012909319899244332	0.0	0.0267632241813602	0.047544080604534	0.022355163727959697	0.0006297229219143577	0.00031486146095717883	0.031801007556675066	0.0053526448362720405	0.0006297229219143577	0.009445843828715366	0.022670025188916875	0.2352015113350126	0.002204030226700252	0.004093198992443325	0.001889168765743073	0.0015743073047858943	0.05384130982367758	0.013853904282115869	0.02959697732997481	0.039987405541561716	0.045969773299748114	0.0031486146095717885	0.0006297229219143577	0.004408060453400504	0.0012594458438287153	0.00031486146095717883	0.00031486146095717883	0.003778337531486146	0.0	0.0	0.0	0.0	0.0	0.0	0.0	0.005667506297229219	0.0	0.0	0.00031486146095717883	0.0012594458438287153	0.0006297229219143577	0.0012594458438287153	0.008816120906801008	0.0009445843828715365	0.00031486146095717883	0.0	0.0	0.005982367758186398	0.0025188916876574307	0.009445843828715366	0.0	0.0	0.0	0.0006297229219143577	0.00031486146095717883	0.0	0.0	0.0	0.0009445843828715365	0.0	0.0	0.0006297229219143577	0.0	0.0006297229219143577	0.0006297229219143577	0.0	0.0015743073047858943
VT_Orange	0.0	0.0	0.0	0.0	0.0	0.0	0.0	0.0	0.010416666666666666	0.0	0.0	0.0	0.0	0.0	0.0	0.0	0.0	0.07291666666666667	0.0	0.010416666666666666	0.010416666666666666	0.0	0.0	0.041666666666666664	0.0	0.0	0.11458333333333333	0.0	0.020833333333333332	0.0	0.0	0.020833333333333332	0.010416666666666666	0.010416666666666666	0.0	0.0	0.03125	0.0625	0.0	0.0	0.010416666666666666	0.0	0.0	0.03125	0.020833333333333332	0.07291666666666667	0.0	0.0	0.0	0.0	0.0	0.11458333333333333	0.052083333333333336	0.08333333333333333	0.041666666666666664	0.0	0.0	0.0	0.0	0.0	0.010416666666666666	0.0	0.0	0.0	0.0	0.0	0.0	0.0	0.0	0.0	0.0	0.0	0.0	0.0	0.0	0.0	0.13541666666666666	0.0	0.0	0.0	0.0	0.0	0.010416666666666666	0.0	0.0	0.0	0.0	0.0	0.0	0.0	0.0	0.0	0.0	0.0	0.0	0.0	0.0	0.0	0.0	0.0	0.0
MA_Middlesex	0.005880826775058376	0.027933927181527287	0.024388134567153854	0.0009513102136123843	0.0006918619735362795	0.004324137334601747	0.00025944824007610484	0.0004324137334601747	0.001297241200380524	0.001297241200380524	0.004324137334601747	0.008561791922511459	8.648274669203493e-05	0.001297241200380524	0.0033728271209893627	0.00700510248205483	0.0010377929603044194	0.03701461558419095	0.0006053792268442445	0.018420825045403443	0.001383723947072559	0.0005188964801522097	0.002853930640837153	0.10412522701721007	8.648274669203493e-05	0.0	0.21058548819510509	0.003026896134221223	0.00034593098676813974	0.0004324137334601747	0.0023350341606849434	0.022485514139929084	0.0021620686673008735	0.012194067283576927	0.00017296549338406987	0.010291446856352159	0.031047306062440543	0.016172273631410532	0.0019026204272247686	0.00025944824007610484	0.006572688748594655	0.004064689094525642	0.0009513102136123843	0.004843033814753956	0.011415722563348612	0.13309694715904177	0.002594482400761048	0.002594482400761048	0.0021620686673008735	0.0006053792268442445	0.026550203234454728	0.02490703104730606	0.061748681138112944	0.034593098676813976	0.05258150998875724	0.004324137334601747	0.0	0.0016431721871486638	8.648274669203493e-05	0.00017296549338406987	0.0004324137334601747	0.0019891031739168036	0.0006918619735362795	8.648274669203493e-05	0.00034593098676813974	0.0016431721871486638	0.0	0.0	0.0	0.00683213698867076	0.00017296549338406987	0.0	0.0	0.0019891031739168036	0.002680965147453083	0.001124275706996454	0.004583585574677852	0.00034593098676813974	0.0008648274669203494	0.00017296549338406987	0.00017296549338406987	0.009426619389431809	0.009426619389431809	0.004497102827985816	0.0010377929603044194	8.648274669203493e-05	0.00025944824007610484	0.0	0.0010377929603044194	0.0	0.00017296549338406987	0.0	0.00017296549338406987	0.0	0.0	0.0007783447202283144	0.00025944824007610484	0.0	0.0010377929603044194	0.00034593098676813974	0.00025944824007610484
NH_Merrimack	0.012872083668543845	0.007240547063555913	0.0016090104585679806	0.0016090104585679806	0.0008045052292839903	0.003218020917135961	0.0	0.0008045052292839903	0.0008045052292839903	0.0008045052292839903	0.0008045052292839903	0.008045052292839904	0.0	0.007240547063555913	0.0016090104585679806	0.015285599356395816	0.0016090104585679806	0.0249396621078037	0.0008045052292839903	0.02654867256637168	0.002413515687851971	0.0	0.002413515687851971	0.09332260659694289	0.0	0.0	0.12228479485116653	0.0	0.0008045052292839903	0.0008045052292839903	0.0016090104585679806	0.02091713596138375	0.015285599356395816	0.007240547063555913	0.0008045052292839903	0.027353177795655673	0.042638777152051485	0.017699115044247787	0.0	0.0008045052292839903	0.02654867256637168	0.004022526146419952	0.0016090104585679806	0.006436041834271922	0.02413515687851971	0.1898632341110217	0.0	0.006436041834271922	0.003218020917135961	0.002413515687851971	0.04022526146419952	0.031375703942075624	0.029766693483507644	0.04746580852775543	0.0498793242156074	0.004022526146419952	0.0	0.004022526146419952	0.0016090104585679806	0.0008045052292839903	0.003218020917135961	0.0056315366049879325	0.0	0.0	0.0	0.0	0.0	0.0	0.0	0.004827031375703942	0.0	0.0	0.0	0.0	0.0008045052292839903	0.0	0.012872083668543845	0.0	0.0	0.0	0.0008045052292839903	0.002413515687851971	0.007240547063555913	0.008849557522123894	0.0008045052292839903	0.0	0.0	0.0	0.0008045052292839903	0.0	0.0	0.0	0.0008045052292839903	0.0	0.0	0.0016090104585679806	0.0	0.0	0.0008045052292839903	0.0	0.0016090104585679806
ME_Penobscot	0.003181336161187699	0.0021208907741251328	0.0	0.0021208907741251328	0.0	0.0042417815482502655	0.0010604453870625664	0.0	0.0021208907741251328	0.0010604453870625664	0.0010604453870625664	0.01166489925768823	0.0	0.012725344644750796	0.0010604453870625664	0.010604453870625663	0.0010604453870625664	0.01166489925768823	0.0	0.003181336161187699	0.005302226935312832	0.0010604453870625664	0.003181336161187699	0.08483563096500531	0.0	0.0	0.12407211028632026	0.0010604453870625664	0.012725344644750796	0.0021208907741251328	0.006362672322375398	0.02014846235418876	0.006362672322375398	0.005302226935312832	0.0	0.012725344644750796	0.032873806998939555	0.019088016967126194	0.0	0.0	0.03711558854718982	0.0010604453870625664	0.003181336161187699	0.010604453870625663	0.03711558854718982	0.17497348886532343	0.003181336161187699	0.0021208907741251328	0.0010604453870625664	0.0	0.030752916224814422	0.06786850477200425	0.051961823966065745	0.033934252386002124	0.05620360551431601	0.006362672322375398	0.0	0.0021208907741251328	0.0	0.0010604453870625664	0.0	0.0010604453870625664	0.0010604453870625664	0.0	0.0	0.0	0.0	0.0	0.0	0.0021208907741251328	0.0010604453870625664	0.0	0.0010604453870625664	0.0	0.0	0.0010604453870625664	0.033934252386002124	0.0010604453870625664	0.0010604453870625664	0.0	0.0	0.0021208907741251328	0.0021208907741251328	0.008483563096500531	0.0	0.0	0.0	0.005302226935312832	0.0010604453870625664	0.0	0.0	0.0	0.0	0.0	0.0010604453870625664	0.007423117709437964	0.0021208907741251328	0.0	0.0	0.0	0.0
VT_Orleans	0.007042253521126761	0.0	0.007042253521126761	0.0	0.0	0.007042253521126761	0.0	0.0	0.0	0.0	0.007042253521126761	0.014084507042253521	0.0	0.028169014084507043	0.0	0.0	0.007042253521126761	0.02112676056338028	0.007042253521126761	0.0	0.007042253521126761	0.0	0.0	0.056338028169014086	0.0	0.0	0.056338028169014086	0.0	0.0	0.0	0.0	0.007042253521126761	0.02112676056338028	0.0	0.0	0.02112676056338028	0.02112676056338028	0.035211267605633804	0.0	0.0	0.04225352112676056	0.0	0.0	0.014084507042253521	0.02112676056338028	0.18309859154929578	0.0	0.0	0.007042253521126761	0.0	0.04225352112676056	0.06338028169014084	0.09154929577464789	0.028169014084507043	0.04929577464788732	0.0	0.0	0.0	0.0	0.0	0.0	0.0	0.0	0.0	0.0	0.0	0.0	0.0	0.0	0.007042253521126761	0.0	0.0	0.0	0.0	0.0	0.0	0.09859154929577464	0.0	0.0	0.0	0.0	0.0	0.007042253521126761	0.007042253521126761	0.0	0.0	0.0	0.0	0.0	0.0	0.0	0.0	0.0	0.0	0.0	0.0	0.007042253521126761	0.0	0.0	0.0	0.0
CT_Tolland	0.0	0.005471956224350205	0.0027359781121751026	0.0	0.0	0.0013679890560875513	0.0	0.0	0.0013679890560875513	0.0027359781121751026	0.0	0.005471956224350205	0.0	0.004103967168262654	0.0	0.004103967168262654	0.0	0.02188782489740082	0.0027359781121751026	0.019151846785225718	0.0027359781121751026	0.0	0.0013679890560875513	0.046511627906976744	0.0	0.0	0.1600547195622435	0.006839945280437756	0.0013679890560875513	0.0	0.0	0.03283173734610123	0.009575923392612859	0.016415868673050615	0.0	0.019151846785225718	0.028727770177838577	0.03283173734610123	0.004103967168262654	0.0	0.023255813953488372	0.0027359781121751026	0.0013679890560875513	0.013679890560875513	0.019151846785225718	0.2667578659370725	0.0027359781121751026	0.0027359781121751026	0.0013679890560875513	0.0	0.0560875512995896	0.0533515731874145	0.02188782489740082	0.012311901504787962	0.04103967168262654	0.005471956224350205	0.0013679890560875513	0.004103967168262654	0.0	0.0	0.0	0.0027359781121751026	0.0	0.0	0.0	0.0013679890560875513	0.0	0.0	0.0	0.0	0.0013679890560875513	0.0	0.0	0.0	0.0	0.0	0.005471956224350205	0.0	0.0	0.0	0.0	0.0027359781121751026	0.004103967168262654	0.013679890560875513	0.0	0.0	0.0	0.0	0.0	0.0	0.0	0.0	0.0	0.0	0.0	0.0013679890560875513	0.0013679890560875513	0.0	0.0013679890560875513	0.0	0.0013679890560875513
ME_Androscoggin	0.003246753246753247	0.003896103896103896	0.0	0.0	0.0	0.0012987012987012987	0.0012987012987012987	0.0006493506493506494	0.0006493506493506494	0.0006493506493506494	0.0006493506493506494	0.004545454545454545	0.0	0.005844155844155844	0.0006493506493506494	0.006493506493506494	0.0025974025974025974	0.01818181818181818	0.0	0.014935064935064935	0.001948051948051948	0.0	0.0025974025974025974	0.08571428571428572	0.0	0.0	0.20194805194805196	0.0	0.003246753246753247	0.0	0.003246753246753247	0.025324675324675326	0.008441558441558441	0.012337662337662338	0.0	0.02727272727272727	0.045454545454545456	0.023376623376623377	0.005194805194805195	0.0	0.03116883116883117	0.005194805194805195	0.001948051948051948	0.005844155844155844	0.02207792207792208	0.1987012987012987	0.0012987012987012987	0.0025974025974025974	0.001948051948051948	0.0006493506493506494	0.03831168831168831	0.01103896103896104	0.02857142857142857	0.026623376623376622	0.06558441558441558	0.003896103896103896	0.0006493506493506494	0.0006493506493506494	0.0006493506493506494	0.0	0.0	0.005194805194805195	0.0	0.0	0.0	0.0	0.0	0.0	0.0	0.005194805194805195	0.0	0.0	0.0	0.0012987012987012987	0.0006493506493506494	0.0006493506493506494	0.006493506493506494	0.0012987012987012987	0.0006493506493506494	0.0	0.0006493506493506494	0.005194805194805195	0.003246753246753247	0.006493506493506494	0.0012987012987012987	0.0	0.0	0.0012987012987012987	0.0	0.0	0.0	0.0	0.0	0.0	0.0	0.0	0.0	0.0	0.0006493506493506494	0.0	0.0006493506493506494
CT_Middlesex	0.00477326968973747	0.017303102625298328	0.0011933174224343676	0.0029832935560859188	0.0	0.003579952267303103	0.0	0.0	0.0	0.0005966587112171838	0.0017899761336515514	0.010143198090692125	0.0	0.010143198090692125	0.0011933174224343676	0.012529832935560859	0.0005966587112171838	0.081145584725537	0.0005966587112171838	0.0256563245823389	0.0053699284009546535	0.0	0.0011933174224343676	0.04355608591885442	0.0005966587112171838	0.0	0.06801909307875895	0.0	0.0	0.0	0.0005966587112171838	0.032219570405727926	0.010739856801909307	0.014319809069212411	0.0	0.018496420047732696	0.032219570405727926	0.03162291169451074	0.002386634844868735	0.0011933174224343676	0.012529832935560859	0.008949880668257757	0.0	0.008353221957040573	0.01909307875894988	0.17004773269689738	0.0005966587112171838	0.0029832935560859188	0.002386634844868735	0.0	0.045346062052505964	0.03818615751789976	0.06861575178997613	0.07696897374701671	0.057279236276849645	0.002386634844868735	0.0	0.002386634844868735	0.0	0.0	0.0	0.00477326968973747	0.0	0.0	0.0	0.0	0.0	0.0	0.0	0.003579952267303103	0.0	0.010739856801909307	0.0	0.0	0.0005966587112171838	0.0	0.0053699284009546535	0.0	0.0	0.0	0.0	0.00477326968973747	0.0029832935560859188	0.008949880668257757	0.0005966587112171838	0.0011933174224343676	0.0005966587112171838	0.0	0.0005966587112171838	0.0	0.0	0.0	0.0	0.0	0.0	0.0011933174224343676	0.0005966587112171838	0.0	0.0	0.0	0.0005966587112171838
CT_New_London	0.001554243083618278	0.006527820951196767	0.0018650917003419335	0.0009325458501709667	0.0	0.001554243083618278	0.0006216972334473111	0.0006216972334473111	0.0	0.001554243083618278	0.00031084861672365556	0.015542430836182779	0.00031084861672365556	0.01336649051911719	0.0006216972334473111	0.007771215418091389	0.0012433944668946222	0.02953061858874728	0.0	0.014920733602735468	0.002175940317065589	0.00031084861672365556	0.0006216972334473111	0.041342866024246194	0.0006216972334473111	0.0	0.12278520360584395	0.00031084861672365556	0.0018650917003419335	0.0006216972334473111	0.001554243083618278	0.033882499222878455	0.0052844264843021444	0.01616412806963009	0.00031084861672365556	0.015231582219459123	0.045383898041653714	0.022070251787379546	0.008082064034815045	0.0006216972334473111	0.014299036369288157	0.004351880634131178	0.0006216972334473111	0.004351880634131178	0.02548958657133976	0.15449176251165683	0.003730183400683867	0.0034193347839602114	0.002175940317065589	0.002175940317065589	0.04476220080820641	0.030463164438918246	0.05626359962698166	0.04724898974199565	0.11066210755362138	0.002175940317065589	0.00031084861672365556	0.0024867889337892445	0.0	0.00031084861672365556	0.0	0.003730183400683867	0.0009325458501709667	0.0	0.00031084861672365556	0.0	0.0	0.0	0.0	0.012433944668946224	0.0	0.009014609884986011	0.00031084861672365556	0.001554243083618278	0.0006216972334473111	0.007771215418091389	0.0052844264843021444	0.0012433944668946222	0.0006216972334473111	0.0006216972334473111	0.0	0.006527820951196767	0.0009325458501709667	0.006838669567920423	0.001554243083618278	0.0012433944668946222	0.0	0.002175940317065589	0.0009325458501709667	0.0	0.001554243083618278	0.0009325458501709667	0.0006216972334473111	0.0	0.0006216972334473111	0.002175940317065589	0.0009325458501709667	0.00031084861672365556	0.0	0.0	0.00031084861672365556
RI_Washington	0.0012315270935960591	0.0024630541871921183	0.003694581280788177	0.0	0.0	0.0024630541871921183	0.0	0.0	0.0012315270935960591	0.0012315270935960591	0.0	0.020935960591133004	0.0	0.017241379310344827	0.0012315270935960591	0.008620689655172414	0.003694581280788177	0.04556650246305419	0.0012315270935960591	0.019704433497536946	0.0049261083743842365	0.0	0.0	0.12192118226600986	0.0	0.0	0.06896551724137931	0.0024630541871921183	0.0	0.0	0.0012315270935960591	0.03078817733990148	0.006157635467980296	0.007389162561576354	0.0	0.012315270935960592	0.017241379310344827	0.027093596059113302	0.0	0.0024630541871921183	0.01600985221674877	0.006157635467980296	0.0012315270935960591	0.009852216748768473	0.022167487684729065	0.21182266009852216	0.0	0.007389162561576354	0.0	0.0024630541871921183	0.06280788177339902	0.013546798029556651	0.04064039408866995	0.059113300492610835	0.06157635467980296	0.0024630541871921183	0.0	0.0012315270935960591	0.0049261083743842365	0.0	0.0012315270935960591	0.0024630541871921183	0.0	0.0	0.0	0.0	0.0	0.0	0.0	0.0024630541871921183	0.0	0.003694581280788177	0.0	0.0012315270935960591	0.0	0.0	0.0049261083743842365	0.0	0.0	0.0	0.0	0.003694581280788177	0.008620689655172414	0.006157635467980296	0.0	0.0012315270935960591	0.0	0.0	0.0	0.0	0.0	0.0	0.0024630541871921183	0.0	0.0	0.003694581280788177	0.0012315270935960591	0.0	0.0	0.0	0.0
ME_Aroostook	0.0	0.0	0.0	0.0	0.0	0.0	0.0	0.0	0.0	0.0	0.0	0.011135857461024499	0.0	0.031180400890868598	0.004454342984409799	0.0	0.004454342984409799	0.028953229398663696	0.004454342984409799	0.0	0.0	0.0	0.0022271714922048997	0.0334075723830735	0.0	0.0	0.155902004454343	0.0	0.011135857461024499	0.0	0.0022271714922048997	0.008908685968819599	0.0022271714922048997	0.011135857461024499	0.0	0.022271714922048998	0.017817371937639197	0.013363028953229399	0.004454342984409799	0.0066815144766146995	0.06904231625835189	0.0022271714922048997	0.004454342984409799	0.004454342984409799	0.0334075723830735	0.14699331848552338	0.0	0.0022271714922048997	0.0	0.0022271714922048997	0.0378619153674833	0.062360801781737196	0.0556792873051225	0.0400890868596882	0.05790645879732739	0.015590200445434299	0.0	0.0022271714922048997	0.0	0.0	0.0	0.004454342984409799	0.0	0.0	0.0	0.0	0.0	0.0	0.0	0.0066815144766146995	0.0	0.0022271714922048997	0.0022271714922048997	0.0	0.0	0.0	0.0467706013363029	0.0	0.0	0.0	0.0	0.0022271714922048997	0.0022271714922048997	0.0066815144766146995	0.0	0.0	0.0	0.008908685968819599	0.0	0.0	0.0	0.0	0.0	0.0	0.0	0.0	0.004454342984409799	0.0	0.0	0.0	0.0
ME_Washington	0.0	0.0	0.0	0.005235602094240838	0.0	0.005235602094240838	0.0	0.0	0.0	0.0	0.0	0.015706806282722512	0.0	0.05759162303664921	0.0	0.005235602094240838	0.0	0.005235602094240838	0.0	0.010471204188481676	0.005235602094240838	0.0	0.0	0.04712041884816754	0.0	0.0	0.03664921465968586	0.0	0.005235602094240838	0.0	0.005235602094240838	0.020942408376963352	0.0	0.010471204188481676	0.0	0.010471204188481676	0.031413612565445025	0.041884816753926704	0.0	0.0	0.05235602094240838	0.0	0.005235602094240838	0.010471204188481676	0.020942408376963352	0.2198952879581152	0.0	0.0	0.005235602094240838	0.0	0.03664921465968586	0.07329842931937172	0.041884816753926704	0.031413612565445025	0.07853403141361257	0.020942408376963352	0.0	0.005235602094240838	0.0	0.0	0.0	0.010471204188481676	0.0	0.0	0.0	0.0	0.0	0.0	0.0	0.010471204188481676	0.0	0.005235602094240838	0.0	0.0	0.0	0.0	0.031413612565445025	0.0	0.0	0.0	0.0	0.0	0.005235602094240838	0.0	0.0	0.0	0.0	0.005235602094240838	0.005235602094240838	0.0	0.0	0.0	0.0	0.0	0.0	0.0	0.005235602094240838	0.0	0.0	0.0	0.0
ME_Knox	0.002403846153846154	0.009615384615384616	0.0	0.0	0.0	0.007211538461538462	0.0	0.002403846153846154	0.0	0.0	0.0	0.021634615384615384	0.0	0.02403846153846154	0.002403846153846154	0.002403846153846154	0.002403846153846154	0.019230769230769232	0.0	0.009615384615384616	0.002403846153846154	0.0	0.0	0.04807692307692308	0.0	0.0	0.0625	0.0	0.002403846153846154	0.0	0.004807692307692308	0.019230769230769232	0.019230769230769232	0.028846153846153848	0.0	0.007211538461538462	0.02403846153846154	0.04326923076923077	0.004807692307692308	0.002403846153846154	0.016826923076923076	0.002403846153846154	0.002403846153846154	0.004807692307692308	0.019230769230769232	0.20673076923076922	0.0	0.01201923076923077	0.002403846153846154	0.002403846153846154	0.04807692307692308	0.03125	0.057692307692307696	0.0985576923076923	0.0625	0.002403846153846154	0.0	0.0	0.0	0.0	0.002403846153846154	0.004807692307692308	0.0	0.0	0.0	0.0	0.0	0.0	0.0	0.0	0.0	0.004807692307692308	0.0	0.0	0.0	0.0	0.026442307692307692	0.0	0.0	0.0	0.0	0.007211538461538462	0.0	0.002403846153846154	0.0	0.002403846153846154	0.0	0.002403846153846154	0.0	0.0	0.0	0.0	0.0	0.0	0.0	0.002403846153846154	0.002403846153846154	0.0	0.0	0.0	0.0
ME_Kennebec	0.002616088947024199	0.0	0.0	0.0006540222367560497	0.0	0.002616088947024199	0.0	0.0	0.0013080444735120995	0.0006540222367560497	0.0006540222367560497	0.005886200130804447	0.0	0.011772400261608895	0.0006540222367560497	0.005232177894048398	0.001962066710268149	0.007194244604316547	0.001962066710268149	0.0032701111837802484	0.0013080444735120995	0.0	0.002616088947024199	0.06671026814911707	0.0	0.0	0.16939175931981687	0.0013080444735120995	0.008502289077828646	0.0	0.002616088947024199	0.03793328973185088	0.009810333551340745	0.011118378024852845	0.0	0.025506867233485938	0.04447351209941138	0.031393067364290386	0.0032701111837802484	0.001962066710268149	0.030085022890778287	0.002616088947024199	0.0013080444735120995	0.007194244604316547	0.025506867233485938	0.2040549378678875	0.003924133420536298	0.0013080444735120995	0.002616088947024199	0.0013080444735120995	0.04381948986265533	0.011772400261608895	0.033355134074558535	0.04512753433616743	0.061478090255068674	0.004578155657292348	0.0	0.004578155657292348	0.0006540222367560497	0.0	0.0	0.005232177894048398	0.0	0.0	0.0	0.0	0.0	0.0	0.0	0.007194244604316547	0.0	0.0	0.0	0.0	0.0006540222367560497	0.0	0.008502289077828646	0.0006540222367560497	0.0006540222367560497	0.0	0.0	0.005886200130804447	0.004578155657292348	0.004578155657292348	0.0032701111837802484	0.0	0.0	0.004578155657292348	0.0	0.0	0.0	0.0	0.0	0.0	0.0	0.0006540222367560497	0.002616088947024199	0.0	0.0006540222367560497	0.0	0.0006540222367560497
MA_Essex	0.007535795026375283	0.014016578749058026	0.004822908816880181	0.000452147701582517	0.00015071590052750564	0.00452147701582517	0.0003014318010550113	0.00015071590052750564	0.0012057272042200451	0.0007535795026375283	0.00587792012057272	0.007083647324792766	0.0	0.008440090429540317	0.0021100226073850793	0.006782215523737754	0.001808590806330068	0.04099472494348154	0.000904295403165034	0.009947249434815373	0.0003014318010550113	0.0	0.0016578749058025622	0.0797287113790505	0.00015071590052750564	0.0	0.1838733986435569	0.000904295403165034	0.0003014318010550113	0.0007535795026375283	0.016428033157498117	0.019291635267520722	0.002260738507912585	0.008289374529012811	0.0003014318010550113	0.013112283345892992	0.029992464204973625	0.015222305953278071	0.003014318010550113	0.000452147701582517	0.009193669932177845	0.003918613413715147	0.0012057272042200451	0.005576488319517709	0.01492087415222306	0.16850037678975133	0.003014318010550113	0.001808590806330068	0.0021100226073850793	0.0006028636021100226	0.03828183873398643	0.017935192162773173	0.050339110776186885	0.04476262245666918	0.08997739261492087	0.0021100226073850793	0.00015071590052750564	0.0012057272042200451	0.00015071590052750564	0.0	0.000904295403165034	0.001808590806330068	0.00015071590052750564	0.0	0.0	0.00015071590052750564	0.0	0.0	0.0	0.005425772418990203	0.0003014318010550113	0.0016578749058025622	0.0	0.000904295403165034	0.00015071590052750564	0.0012057272042200451	0.0049736247174076865	0.0015071590052750565	0.000452147701582517	0.0	0.0	0.012057272042200452	0.006782215523737754	0.004069329314242653	0.0010550113036925397	0.0006028636021100226	0.00015071590052750564	0.0010550113036925397	0.0006028636021100226	0.00015071590052750564	0.0	0.0	0.0003014318010550113	0.0	0.0	0.0012057272042200451	0.001808590806330068	0.0	0.0003014318010550113	0.0003014318010550113	0.0003014318010550113
CT_Litchfield	0.002879473467708762	0.008227067050596462	0.0020567667626491155	0.008227067050596462	0.0	0.0016454134101192926	0.00041135335252982314	0.0008227067050596463	0.00041135335252982314	0.00041135335252982314	0.0016454134101192926	0.004113533525298231	0.0	0.004524886877828055	0.0020567667626491155	0.007404360345536816	0.0016454134101192926	0.09008638420403127	0.0	0.021801727684080625	0.0020567667626491155	0.0	0.00041135335252982314	0.07322089675030852	0.0	0.0	0.06334841628959276	0.0	0.00041135335252982314	0.0012340600575894694	0.00041135335252982314	0.029617441382147263	0.0049362402303578775	0.01727684080625257	0.00041135335252982314	0.02097902097902098	0.05183052241875771	0.028794734677087618	0.0012340600575894694	0.0012340600575894694	0.0049362402303578775	0.003290826820238585	0.00041135335252982314	0.0053475935828877	0.017688194158782394	0.19498148909913615	0.0049362402303578775	0.006170300287947347	0.002879473467708762	0.0012340600575894694	0.04607157548334019	0.03496503496503497	0.025915261209378856	0.04195804195804196	0.09995886466474702	0.0053475935828877	0.0	0.0024681201151789387	0.0	0.0	0.0008227067050596463	0.005758946935417524	0.0	0.0	0.00041135335252982314	0.0020567667626491155	0.0	0.0	0.00041135335252982314	0.005758946935417524	0.0	0.0	0.0	0.0	0.00041135335252982314	0.0012340600575894694	0.00904977375565611	0.00041135335252982314	0.0	0.00041135335252982314	0.00041135335252982314	0.003290826820238585	0.0008227067050596463	0.006170300287947347	0.0008227067050596463	0.0	0.0	0.0	0.0016454134101192926	0.0	0.0	0.0008227067050596463	0.00041135335252982314	0.00041135335252982314	0.0	0.0020567667626491155	0.0012340600575894694	0.0	0.0	0.0	0.0008227067050596463
VT_Windham	0.0	0.0	0.0	0.00411522633744856	0.0	0.0	0.0	0.0	0.0	0.0	0.0	0.06172839506172839	0.0	0.07407407407407407	0.012345679012345678	0.012345679012345678	0.0	0.012345679012345678	0.00411522633744856	0.00411522633744856	0.0	0.0	0.0	0.04526748971193416	0.0	0.0	0.0823045267489712	0.0	0.0	0.0	0.00823045267489712	0.00823045267489712	0.00823045267489712	0.0205761316872428	0.0	0.00823045267489712	0.012345679012345678	0.0411522633744856	0.00411522633744856	0.0	0.024691358024691357	0.00411522633744856	0.0	0.00411522633744856	0.024691358024691357	0.13991769547325103	0.0	0.0	0.0	0.012345679012345678	0.06584362139917696	0.05761316872427984	0.07407407407407407	0.01646090534979424	0.04526748971193416	0.0	0.0	0.0	0.0	0.0	0.0	0.0	0.0	0.0	0.0	0.0	0.0	0.0	0.0	0.012345679012345678	0.0	0.0	0.0	0.0	0.0	0.0	0.06584362139917696	0.0	0.0	0.0	0.0	0.00411522633744856	0.00411522633744856	0.012345679012345678	0.0	0.0	0.0	0.00823045267489712	0.0	0.0	0.0	0.0	0.0	0.0	0.0	0.0	0.0	0.0	0.0	0.0	0.0
MA_Barnstable	0.0036429872495446266	0.004007285974499089	0.0007285974499089253	0.001092896174863388	0.0	0.0025500910746812386	0.00036429872495446266	0.001092896174863388	0.0	0.001092896174863388	0.001092896174863388	0.03897996357012751	0.00036429872495446266	0.05136612021857923	0.0014571948998178506	0.0014571948998178506	0.0018214936247723133	0.009836065573770493	0.00036429872495446266	0.03351548269581057	0.007285974499089253	0.0	0.0	0.07650273224043716	0.0	0.0	0.044444444444444446	0.002185792349726776	0.001092896174863388	0.002185792349726776	0.009107468123861567	0.04080145719489982	0.008014571948998178	0.013843351548269581	0.0	0.009836065573770493	0.023679417122040074	0.022222222222222223	0.002185792349726776	0.00036429872495446266	0.014571948998178506	0.0018214936247723133	0.0007285974499089253	0.0058287795992714025	0.007650273224043716	0.18324225865209473	0.00036429872495446266	0.0025500910746812386	0.0014571948998178506	0.0007285974499089253	0.06120218579234973	0.02331511839708561	0.08743169398907104	0.054280510018214934	0.09398907103825137	0.004371584699453552	0.0	0.0014571948998178506	0.00036429872495446266	0.0007285974499089253	0.00036429872495446266	0.0007285974499089253	0.0	0.0025500910746812386	0.0	0.0	0.0	0.0	0.0	0.0029143897996357013	0.0	0.002185792349726776	0.0	0.0	0.0036429872495446266	0.00036429872495446266	0.009836065573770493	0.00036429872495446266	0.0	0.0	0.0	0.0014571948998178506	0.001092896174863388	0.004007285974499089	0.0	0.0	0.0	0.00036429872495446266	0.0	0.0	0.00036429872495446266	0.0007285974499089253	0.001092896174863388	0.0	0.0	0.002185792349726776	0.0	0.0	0.0007285974499089253	0.0	0.00036429872495446266
ME_Somerset	0.003003003003003003	0.0	0.0	0.003003003003003003	0.0	0.0	0.003003003003003003	0.0	0.0	0.0	0.003003003003003003	0.009009009009009009	0.0	0.03303303303303303	0.0	0.003003003003003003	0.0	0.024024024024024024	0.0	0.0	0.003003003003003003	0.0	0.003003003003003003	0.042042042042042045	0.0	0.0	0.05105105105105105	0.0	0.012012012012012012	0.0	0.0	0.003003003003003003	0.006006006006006006	0.006006006006006006	0.0	0.012012012012012012	0.024024024024024024	0.02702702702702703	0.006006006006006006	0.0	0.06606606606606606	0.0	0.003003003003003003	0.009009009009009009	0.021021021021021023	0.23123123123123124	0.0	0.003003003003003003	0.0	0.003003003003003003	0.03903903903903904	0.042042042042042045	0.05405405405405406	0.04504504504504504	0.0960960960960961	0.006006006006006006	0.0	0.0	0.0	0.003003003003003003	0.0	0.006006006006006006	0.0	0.0	0.0	0.0	0.003003003003003003	0.0	0.0	0.018018018018018018	0.0	0.0	0.0	0.0	0.0	0.0	0.03903903903903904	0.0	0.0	0.0	0.0	0.006006006006006006	0.006006006006006006	0.009009009009009009	0.0	0.0	0.0	0.006006006006006006	0.0	0.003003003003003003	0.0	0.0	0.0	0.0	0.0	0.006006006006006006	0.0	0.0	0.0	0.0	0.0
NH_Hillsborough	0.010035259018171955	0.012747491185245458	0.003525901817195552	0.0013561160835367507	0.0	0.003797125033902902	0.00027122321670735016	0.00027122321670735016	0.0008136696501220504	0.001898562516951451	0.0016273393002441008	0.008136696501220505	0.0	0.0027122321670735015	0.0010848928668294006	0.005153241117439653	0.0013561160835367507	0.031461893138052616	0.0010848928668294006	0.016815839435855708	0.0013561160835367507	0.0	0.0024410089503661514	0.08733387577976674	0.0	0.0	0.18361811771087605	0.0005424464334147003	0.00027122321670735016	0.0	0.0032546786004882017	0.023053973420124763	0.005695687550854353	0.007594250067805804	0.0	0.025494982370490915	0.05397342012476268	0.02142663411988066	0.005153241117439653	0.0016273393002441008	0.030919446704637917	0.005966910767561703	0.0024410089503661514	0.009221589368049905	0.020884187686465962	0.18524545701112016	0.004882017900732303	0.0013561160835367507	0.0032546786004882017	0.00027122321670735016	0.05098996474098183	0.01735828586927041	0.027935991320857067	0.02034174125305126	0.042582045023053974	0.004610794684024953	0.0	0.0016273393002441008	0.0008136696501220504	0.0	0.0	0.005424464334147003	0.0005424464334147003	0.0	0.0005424464334147003	0.00027122321670735016	0.0	0.0	0.0	0.006509357200976403	0.0	0.0	0.00027122321670735016	0.0016273393002441008	0.00027122321670735016	0.0013561160835367507	0.004882017900732303	0.0005424464334147003	0.0	0.0	0.0	0.004610794684024953	0.004610794684024953	0.008950366151342554	0.0005424464334147003	0.0	0.0	0.0	0.0	0.0	0.0	0.0	0.0005424464334147003	0.0	0.0	0.0	0.0	0.0	0.0	0.0	0.0008136696501220504
NH_Belknap	0.00505902192242833	0.006745362563237774	0.0	0.0	0.0	0.0016863406408094434	0.0	0.0	0.0	0.0	0.0	0.011804384485666104	0.0	0.02866779089376054	0.003372681281618887	0.01011804384485666	0.0	0.025295109612141653	0.0	0.003372681281618887	0.0	0.0	0.0016863406408094434	0.06239460370994941	0.0	0.0	0.08768971332209106	0.0	0.00505902192242833	0.0016863406408094434	0.006745362563237774	0.011804384485666104	0.01854974704890388	0.006745362563237774	0.0016863406408094434	0.03204047217537943	0.03541315345699832	0.021922428330522766	0.0016863406408094434	0.0	0.026981450252951095	0.003372681281618887	0.0	0.008431703204047217	0.026981450252951095	0.25126475548060706	0.0	0.00505902192242833	0.0016863406408094434	0.003372681281618887	0.0657672849915683	0.021922428330522766	0.03541315345699832	0.03035413153456998	0.07082630691399663	0.0016863406408094434	0.0	0.0016863406408094434	0.006745362563237774	0.0	0.0	0.003372681281618887	0.0	0.0	0.0	0.0	0.0	0.0016863406408094434	0.0	0.0016863406408094434	0.0	0.003372681281618887	0.0	0.0	0.0	0.0016863406408094434	0.02023608768971332	0.0	0.0	0.0	0.0	0.006745362563237774	0.0016863406408094434	0.003372681281618887	0.0	0.0	0.0	0.0016863406408094434	0.0	0.0	0.0	0.0	0.0	0.0	0.0	0.0016863406408094434	0.0	0.0	0.0	0.0	0.0
CT_Fairfield	0.002989130434782609	0.00923913043478261	0.002717391304347826	0.0023097826086956523	0.0004076086956521739	0.003532608695652174	0.0001358695652173913	0.0004076086956521739	0.0006793478260869565	0.0005434782608695652	0.001358695652173913	0.007608695652173913	0.0001358695652173913	0.001358695652173913	0.0001358695652173913	0.003940217391304348	0.0001358695652173913	0.057065217391304345	0.0004076086956521739	0.006793478260869565	0.001358695652173913	0.0001358695652173913	0.0009510869565217392	0.14144021739130436	0.0001358695652173913	0.0	0.12078804347826087	0.0010869565217391304	0.0	0.003260869565217391	0.0023097826086956523	0.04116847826086956	0.008695652173913044	0.016983695652173912	0.0004076086956521739	0.014266304347826086	0.026630434782608695	0.022418478260869564	0.001766304347826087	0.0004076086956521739	0.0033967391304347825	0.0028532608695652174	0.0016304347826086956	0.003940217391304348	0.011277173913043479	0.19130434782608696	0.001766304347826087	0.002173913043478261	0.002717391304347826	0.0008152173913043478	0.02839673913043478	0.03016304347826087	0.04619565217391304	0.07418478260869565	0.05638586956521739	0.003260869565217391	0.0	0.002173913043478261	0.0002717391304347826	0.0	0.0002717391304347826	0.002989130434782609	0.0002717391304347826	0.0	0.0	0.0012228260869565218	0.0	0.0	0.0	0.0025815217391304346	0.0001358695652173913	0.0009510869565217392	0.0001358695652173913	0.0014945652173913044	0.0002717391304347826	0.0002717391304347826	0.0033967391304347825	0.0002717391304347826	0.0	0.0	0.0001358695652173913	0.006385869565217392	0.0028532608695652174	0.005298913043478261	0.0	0.0	0.0	0.0	0.0	0.0	0.0	0.0	0.0002717391304347826	0.0	0.0	0.0005434782608695652	0.0	0.0001358695652173913	0.0002717391304347826	0.0	0.0008152173913043478
MA_Berkshire	0.00046904315196998124	0.0009380863039399625	0.0009380863039399625	0.0	0.0	0.003283302063789869	0.0	0.00046904315196998124	0.001876172607879925	0.0	0.004690431519699813	0.028611632270168854	0.0	0.02204502814258912	0.0009380863039399625	0.001876172607879925	0.0	0.02204502814258912	0.0	0.009849906191369606	0.00046904315196998124	0.0	0.0009380863039399625	0.09709193245778612	0.0	0.0	0.0924015009380863	0.0	0.0014071294559099437	0.0	0.0009380863039399625	0.020168855534709193	0.008911819887429643	0.0150093808630394	0.00046904315196998124	0.008911819887429643	0.054878048780487805	0.019230769230769232	0.003283302063789869	0.0028142589118198874	0.01547842401500938	0.0009380863039399625	0.0023452157598499064	0.003283302063789869	0.01125703564727955	0.17073170731707318	0.005628517823639775	0.005628517823639775	0.0023452157598499064	0.0009380863039399625	0.0651969981238274	0.01547842401500938	0.0323639774859287	0.06285178236397748	0.1050656660412758	0.005159474671669793	0.0	0.001876172607879925	0.0	0.00046904315196998124	0.0009380863039399625	0.00375234521575985	0.0023452157598499064	0.0	0.0	0.0014071294559099437	0.0	0.0	0.0	0.007035647279549718	0.00046904315196998124	0.0009380863039399625	0.00046904315196998124	0.0	0.0	0.001876172607879925	0.008911819887429643	0.0009380863039399625	0.0009380863039399625	0.00046904315196998124	0.0	0.016416510318949345	0.006566604127579738	0.005628517823639775	0.0	0.0	0.0	0.0	0.001876172607879925	0.0	0.0	0.0	0.0	0.0	0.0	0.00375234521575985	0.0009380863039399625	0.0	0.0009380863039399625	0.0	0.0014071294559099437
ME_Piscataquis	0.0	0.0	0.0	0.0	0.0	0.0	0.0	0.0	0.0	0.0	0.0	0.03260869565217391	0.0	0.010869565217391304	0.010869565217391304	0.0	0.0	0.010869565217391304	0.0	0.0	0.0	0.0	0.0	0.021739130434782608	0.0	0.0	0.03260869565217391	0.0	0.0	0.0	0.0	0.0	0.0	0.0	0.0	0.03260869565217391	0.03260869565217391	0.010869565217391304	0.0	0.0	0.043478260869565216	0.0	0.0	0.010869565217391304	0.021739130434782608	0.15217391304347827	0.0	0.0	0.0	0.0	0.10869565217391304	0.11956521739130435	0.05434782608695652	0.043478260869565216	0.07608695652173914	0.021739130434782608	0.0	0.0	0.0	0.0	0.0	0.010869565217391304	0.0	0.0	0.0	0.0	0.0	0.0	0.0	0.0	0.0	0.010869565217391304	0.0	0.0	0.0	0.0	0.08695652173913043	0.0	0.0	0.0	0.0	0.010869565217391304	0.0	0.010869565217391304	0.0	0.0	0.0	0.021739130434782608	0.0	0.0	0.0	0.0	0.0	0.0	0.0	0.0	0.0	0.0	0.0	0.0	0.0
CT_Windham	0.001182033096926714	0.002364066193853428	0.0	0.001182033096926714	0.0	0.0	0.0	0.0	0.0	0.0	0.002364066193853428	0.00591016548463357	0.0	0.0070921985815602835	0.001182033096926714	0.0070921985815602835	0.002364066193853428	0.03900709219858156	0.0	0.015366430260047281	0.002364066193853428	0.0	0.0035460992907801418	0.06264775413711583	0.0	0.0	0.14066193853427897	0.001182033096926714	0.001182033096926714	0.001182033096926714	0.001182033096926714	0.02364066193853428	0.015366430260047281	0.01773049645390071	0.0	0.01182033096926714	0.028368794326241134	0.028368794326241134	0.001182033096926714	0.002364066193853428	0.015366430260047281	0.001182033096926714	0.002364066193853428	0.01182033096926714	0.026004728132387706	0.25059101654846333	0.001182033096926714	0.0	0.002364066193853428	0.002364066193853428	0.03900709219858156	0.028368794326241134	0.03309692671394799	0.03546099290780142	0.0591016548463357	0.0035460992907801418	0.0	0.0	0.0	0.0	0.0	0.001182033096926714	0.0	0.0	0.0	0.0	0.0	0.0	0.0	0.002364066193853428	0.0	0.0	0.0	0.0	0.0	0.001182033096926714	0.024822695035460994	0.001182033096926714	0.0	0.0	0.0	0.01182033096926714	0.002364066193853428	0.008274231678486997	0.0	0.0	0.0	0.0	0.001182033096926714	0.0	0.0	0.0	0.0	0.0	0.0	0.001182033096926714	0.0035460992907801418	0.0	0.0	0.0	0.001182033096926714
MA_Suffolk	0.0019191402251791197	0.0026867963152507677	0.0019191402251791197	0.00038382804503582393	0.00025588536335721597	0.0019191402251791197	0.00012794268167860799	0.0	0.0031985670419652	0.0007676560900716479	0.004989764585465711	0.013561924257932446	0.0	0.0005117707267144319	0.0034544524053224156	0.004605936540429887	0.0038382804503582393	0.014073694984646877	0.0007676560900716479	0.009723643807574206	0.00025588536335721597	0.00038382804503582393	0.0011514841351074718	0.05783009211873081	0.00025588536335721597	0.0	0.3944472876151484	0.0047338792221084955	0.0	0.00012794268167860799	0.0030706243602865915	0.013050153531218014	0.0007676560900716479	0.01573694984646878	0.00012794268167860799	0.0017911975435005118	0.01829580348004094	0.006269191402251791	0.0034544524053224156	0.00025588536335721597	0.0033265097236438077	0.0014073694984646878	0.00012794268167860799	0.0017911975435005118	0.005885363357215967	0.06448311156601842	0.0028147389969293756	0.00012794268167860799	0.00127942681678608	0.00038382804503582393	0.014841351074718526	0.009979529170931423	0.07164790174002048	0.038510747185261006	0.12103377686796316	0.0033265097236438077	0.0	0.00038382804503582393	0.0	0.00038382804503582393	0.0005117707267144319	0.0008955987717502559	0.0	0.00038382804503582393	0.0007676560900716479	0.0015353121801432957	0.00038382804503582393	0.0	0.00012794268167860799	0.004605936540429887	0.0	0.0011514841351074718	0.00012794268167860799	0.004989764585465711	0.007548618219037871	0.0015353121801432957	0.0007676560900716479	0.0005117707267144319	0.0	0.0	0.00025588536335721597	0.01663254861821904	0.012282497441146366	0.0028147389969293756	0.0023029682702149436	0.0007676560900716479	0.0011514841351074718	0.0	0.0014073694984646878	0.0	0.0	0.0	0.0	0.00012794268167860799	0.0	0.00012794268167860799	0.0	0.00025588536335721597	0.0005117707267144319	0.00012794268167860799	0.0029426816786079836
NH_Coos	0.0	0.0	0.0	0.0	0.0	0.0	0.0	0.0	0.0	0.0	0.0	0.04583333333333333	0.0	0.04583333333333333	0.016666666666666666	0.004166666666666667	0.0	0.0125	0.0	0.0	0.0	0.0	0.004166666666666667	0.05416666666666667	0.0	0.0	0.14166666666666666	0.0	0.008333333333333333	0.004166666666666667	0.0	0.008333333333333333	0.004166666666666667	0.020833333333333332	0.0	0.016666666666666666	0.025	0.016666666666666666	0.0	0.008333333333333333	0.0375	0.0	0.0	0.004166666666666667	0.0125	0.175	0.004166666666666667	0.004166666666666667	0.0	0.0	0.05	0.03333333333333333	0.05	0.0375	0.08333333333333333	0.004166666666666667	0.0	0.0	0.0	0.0	0.004166666666666667	0.008333333333333333	0.0	0.0	0.0	0.0	0.0	0.0	0.0	0.004166666666666667	0.0	0.0	0.0	0.0	0.0	0.0	0.03333333333333333	0.0	0.0	0.0	0.0	0.004166666666666667	0.0	0.0	0.0	0.0	0.0	0.008333333333333333	0.0	0.0	0.0	0.0	0.0	0.0	0.0	0.004166666666666667	0.0	0.0	0.0	0.0	0.0
MA_Worcester	0.0030782761653474055	0.01304602755790091	0.00454412195836998	0.000732922896511287	0.0001465845793022574	0.0033714453239519202	0.000732922896511287	0.0002931691586045148	0.001465845793022574	0.0021987686895338612	0.00454412195836998	0.006156552330694811	0.0	0.0033714453239519202	0.0016124303723248313	0.007622398123717385	0.0010260920551158018	0.05408970976253298	0.0008795074758135445	0.019642333626502494	0.000732922896511287	0.000732922896511287	0.0042509527997654645	0.13090002931691586	0.0001465845793022574	0.0	0.15845793022574026	0.00395778364116095	0.0005863383172090296	0.000732922896511287	0.0016124303723248313	0.027851070067428905	0.003518029903254178	0.011873350923482849	0.0	0.019642333626502494	0.039871005570214016	0.014365288771621226	0.002931691586045148	0.0011726766344180592	0.01465845793022574	0.00395778364116095	0.0013192612137203166	0.007036059806508356	0.0158311345646438	0.15142187041923189	0.0043975373790677225	0.001465845793022574	0.0013192612137203166	0.0005863383172090296	0.03327469950161243	0.018762826150688947	0.043828789211374966	0.028437408384637937	0.05672823218997362	0.004104368220463207	0.0	0.0008795074758135445	0.0	0.0002931691586045148	0.0008795074758135445	0.0027851070067428907	0.000732922896511287	0.0001465845793022574	0.0	0.0010260920551158018	0.0001465845793022574	0.0001465845793022574	0.0	0.007036059806508356	0.00043975373790677223	0.0	0.0002931691586045148	0.0005863383172090296	0.0008795074758135445	0.0011726766344180592	0.008648490178833186	0.0005863383172090296	0.0001465845793022574	0.0001465845793022574	0.0001465845793022574	0.012459689240691879	0.007182644385810613	0.005130460275579009	0.0005863383172090296	0.0	0.0023453532688361184	0.00043975373790677223	0.0008795074758135445	0.0	0.0001465845793022574	0.0	0.0001465845793022574	0.0001465845793022574	0.0	0.001465845793022574	0.000732922896511287	0.0	0.000732922896511287	0.0001465845793022574	0.0013192612137203166
VT_Addison	0.0	0.0	0.0	0.0	0.0	0.015625	0.0	0.0078125	0.0	0.0	0.0	0.0078125	0.0	0.0390625	0.015625	0.0078125	0.0	0.015625	0.0	0.0	0.0078125	0.0	0.0	0.0703125	0.0	0.0	0.078125	0.0078125	0.0	0.0	0.0	0.015625	0.015625	0.015625	0.0	0.0078125	0.0	0.0625	0.0	0.0	0.015625	0.0	0.0	0.0078125	0.0234375	0.2109375	0.0	0.0	0.0	0.0078125	0.0546875	0.0546875	0.046875	0.0234375	0.0546875	0.0078125	0.0	0.0	0.0	0.0	0.0	0.0	0.0	0.0	0.0	0.0	0.0	0.0	0.0	0.0	0.0	0.0078125	0.0	0.0	0.0	0.0	0.0859375	0.0	0.0	0.0	0.0	0.0	0.0078125	0.0	0.0	0.0	0.0	0.0	0.0	0.0	0.0	0.0	0.0	0.0	0.0	0.0	0.0	0.0	0.0	0.0	0.0
NH_Cheshire	0.007792207792207792	0.012987012987012988	0.0	0.0	0.0	0.007792207792207792	0.0025974025974025974	0.0	0.0	0.0	0.0025974025974025974	0.012987012987012988	0.0	0.012987012987012988	0.0025974025974025974	0.007792207792207792	0.0	0.04155844155844156	0.0025974025974025974	0.0	0.0	0.0	0.0025974025974025974	0.0987012987012987	0.0	0.0	0.11428571428571428	0.005194805194805195	0.0	0.0025974025974025974	0.0	0.01038961038961039	0.015584415584415584	0.023376623376623377	0.0	0.04155844155844156	0.03636363636363636	0.025974025974025976	0.0	0.0	0.012987012987012988	0.0025974025974025974	0.0025974025974025974	0.005194805194805195	0.012987012987012988	0.16103896103896104	0.0025974025974025974	0.0	0.005194805194805195	0.0	0.04415584415584416	0.06753246753246753	0.04155844155844156	0.025974025974025976	0.03896103896103896	0.005194805194805195	0.0	0.0	0.0	0.0	0.0025974025974025974	0.0	0.0	0.0	0.0	0.0	0.0	0.0	0.0	0.0	0.0	0.0025974025974025974	0.0	0.0	0.0	0.0	0.04155844155844156	0.0	0.0025974025974025974	0.0	0.0	0.01038961038961039	0.005194805194805195	0.012987012987012988	0.0	0.0	0.0	0.0	0.0	0.0	0.0	0.0	0.0	0.0	0.0	0.0	0.0	0.0	0.0	0.0	0.0025974025974025974
VT_Windsor	0.0	0.0034482758620689655	0.0034482758620689655	0.0	0.0	0.0	0.0	0.0	0.006896551724137931	0.0	0.0	0.04482758620689655	0.0	0.02413793103448276	0.017241379310344827	0.006896551724137931	0.0034482758620689655	0.017241379310344827	0.0	0.0	0.006896551724137931	0.0	0.0	0.03793103448275862	0.0	0.0	0.11379310344827587	0.0	0.0	0.0	0.006896551724137931	0.017241379310344827	0.010344827586206896	0.027586206896551724	0.0	0.020689655172413793	0.017241379310344827	0.05172413793103448	0.0	0.0034482758620689655	0.034482758620689655	0.0	0.0	0.006896551724137931	0.013793103448275862	0.13448275862068965	0.0	0.0	0.0	0.0	0.05862068965517241	0.05862068965517241	0.03793103448275862	0.041379310344827586	0.05862068965517241	0.0	0.0	0.0	0.0	0.0	0.0	0.0034482758620689655	0.0	0.0034482758620689655	0.0	0.0	0.0	0.0	0.0	0.006896551724137931	0.0	0.0	0.0	0.0	0.0	0.0	0.06206896551724138	0.0	0.0	0.0	0.0	0.0034482758620689655	0.006896551724137931	0.010344827586206896	0.0034482758620689655	0.0	0.0	0.0	0.0	0.0	0.0	0.0	0.0	0.0	0.0	0.0034482758620689655	0.010344827586206896	0.0	0.0	0.0	0.0
ME_York	0.0038910505836575876	0.0023346303501945525	0.0003891050583657588	0.0	0.0003891050583657588	0.002723735408560311	0.0	0.0	0.0007782101167315176	0.0007782101167315176	0.0015564202334630351	0.021011673151750974	0.0	0.05797665369649806	0.0011673151750972762	0.005836575875486381	0.0023346303501945525	0.012840466926070038	0.0007782101167315176	0.008560311284046693	0.0	0.0	0.0003891050583657588	0.06264591439688716	0.0	0.0	0.08754863813229571	0.0011673151750972762	0.0031128404669260703	0.0003891050583657588	0.0031128404669260703	0.026848249027237352	0.012062256809338522	0.00933852140077821	0.0	0.014007782101167316	0.035408560311284046	0.029182879377431907	0.003501945525291829	0.0015564202334630351	0.0311284046692607	0.0031128404669260703	0.0007782101167315176	0.004669260700389105	0.016731517509727626	0.22607003891050584	0.0038910505836575876	0.0023346303501945525	0.0023346303501945525	0.0011673151750972762	0.07120622568093385	0.014007782101167316	0.0490272373540856	0.0311284046692607	0.057198443579766535	0.0038910505836575876	0.0003891050583657588	0.004280155642023347	0.0003891050583657588	0.0	0.0003891050583657588	0.0062256809338521405	0.0	0.0	0.0	0.0	0.0	0.0	0.0007782101167315176	0.008171206225680934	0.0003891050583657588	0.0003891050583657588	0.0	0.0007782101167315176	0.0	0.002723735408560311	0.011673151750972763	0.0007782101167315176	0.0007782101167315176	0.0003891050583657588	0.0	0.011284046692607004	0.0023346303501945525	0.007782101167315175	0.0007782101167315176	0.0	0.0	0.0023346303501945525	0.0	0.0	0.0	0.0	0.0011673151750972762	0.0	0.0	0.0015564202334630351	0.0003891050583657588	0.0	0.0003891050583657588	0.0	0.0011673151750972762
VT_Bennington	0.0	0.0	0.0	0.0	0.0	0.0	0.004219409282700422	0.004219409282700422	0.0	0.0	0.004219409282700422	0.03375527426160337	0.0	0.046413502109704644	0.012658227848101266	0.0	0.0	0.02531645569620253	0.0	0.0	0.004219409282700422	0.0	0.0	0.046413502109704644	0.0	0.0	0.04219409282700422	0.004219409282700422	0.004219409282700422	0.0	0.004219409282700422	0.02531645569620253	0.016877637130801686	0.012658227848101266	0.0	0.029535864978902954	0.008438818565400843	0.0379746835443038	0.0	0.0	0.02531645569620253	0.0	0.004219409282700422	0.004219409282700422	0.016877637130801686	0.2320675105485232	0.0	0.0	0.0	0.004219409282700422	0.0759493670886076	0.06329113924050633	0.0379746835443038	0.05063291139240506	0.0379746835443038	0.004219409282700422	0.0	0.0	0.0	0.0	0.0	0.0	0.0	0.0	0.0	0.0	0.0	0.0	0.0	0.004219409282700422	0.0	0.0	0.0	0.0	0.0	0.0	0.04219409282700422	0.0	0.0	0.0	0.0	0.004219409282700422	0.008438818565400843	0.012658227848101266	0.0	0.0	0.0	0.0	0.0	0.0	0.0	0.0	0.0	0.0	0.0	0.0	0.0	0.004219409282700422	0.0	0.0	0.0
CT_New_Haven	0.002274450341167551	0.011751326762699014	0.003032600454890068	0.0025271670457417236	0.0	0.0027798837503158957	0.0	0.0005054334091483447	0.0006317917614354309	0.000758150113722517	0.001516300227445034	0.005812484205205964	0.0	0.001516300227445034	0.0003790750568612585	0.007202426080363912	0.0005054334091483447	0.06835986858731362	0.0003790750568612585	0.01579479403588577	0.002906242102602982	0.0	0.003032600454890068	0.1343189284811726	0.00025271670457417233	0.00012635835228708617	0.1370988122314885	0.0008845084660096032	0.00012635835228708617	0.0031589588071771544	0.0013899418751579479	0.03272681324235532	0.007455142784938085	0.015668435683598686	0.0	0.014657568865301996	0.03955016426585797	0.02047005307050796	0.003032600454890068	0.0003790750568612585	0.007834217841799343	0.002906242102602982	0.00025271670457417233	0.0070760677280768255	0.020722769775082132	0.1545362648471064	0.003032600454890068	0.0013899418751579479	0.0017690169320192064	0.0013899418751579479	0.03575941369724539	0.032853171594642405	0.03904473085670963	0.05294414960828911	0.05964114227950468	0.0024008086934546374	0.00012635835228708617	0.0008845084660096032	0.00012635835228708617	0.0	0.0006317917614354309	0.003411675511751327	0.00012635835228708617	0.0	0.0005054334091483447	0.0003790750568612585	0.00012635835228708617	0.0	0.0	0.0024008086934546374	0.0	0.0003790750568612585	0.0	0.0017690169320192064	0.0003790750568612585	0.0006317917614354309	0.003664392216325499	0.0005054334091483447	0.00025271670457417233	0.00025271670457417233	0.00012635835228708617	0.006317917614354309	0.0027798837503158957	0.005180692443770533	0.0008845084660096032	0.0	0.0	0.0	0.00025271670457417233	0.0	0.0	0.0	0.0	0.0	0.0	0.0006317917614354309	0.00025271670457417233	0.0	0.00025271670457417233	0.0	0.00025271670457417233
MA_Nantucket	0.0	0.0	0.0	0.0	0.0	0.017857142857142856	0.0	0.0	0.0	0.0	0.0	0.07142857142857142	0.0	0.017857142857142856	0.0	0.0	0.0	0.0	0.0	0.0	0.0	0.0	0.0	0.0	0.0	0.0	0.03571428571428571	0.0	0.0	0.0	0.0	0.017857142857142856	0.0	0.0	0.0	0.0	0.0	0.08928571428571429	0.0	0.0	0.03571428571428571	0.017857142857142856	0.0	0.0	0.0	0.19642857142857142	0.0	0.0	0.0	0.017857142857142856	0.125	0.03571428571428571	0.017857142857142856	0.017857142857142856	0.125	0.0	0.0	0.0	0.017857142857142856	0.0	0.0	0.0	0.0	0.0	0.0	0.0	0.0	0.0	0.0	0.0	0.017857142857142856	0.0	0.0	0.0	0.0	0.0	0.05357142857142857	0.0	0.0	0.0	0.0	0.0	0.017857142857142856	0.017857142857142856	0.0	0.0	0.0	0.0	0.0	0.0	0.0	0.017857142857142856	0.0	0.0	0.0	0.017857142857142856	0.0	0.0	0.0	0.0	0.0
MA_Hampden	0.00149860843502462	0.0019267822736030828	0.0008563476771569257	0.00042817383857846286	0.0	0.002569043031470777	0.0006422607578676942	0.001070434596446157	0.0006422607578676942	0.0019267822736030828	0.0027831299507600086	0.004281738385784628	0.0	0.002569043031470777	0.00021408691928923143	0.010062085206593878	0.0017126953543138515	0.05844572896596018	0.0008563476771569257	0.014343823592378506	0.002140869192892314	0.0	0.0019267822736030828	0.08049668165275102	0.0	0.0	0.21965317919075145	0.0006422607578676942	0.0008563476771569257	0.00042817383857846286	0.001070434596446157	0.03125669021622779	0.0032113037893384713	0.004923999143652323	0.00021408691928923143	0.012417041318775423	0.05394990366088632	0.01991008349389852	0.00899165061014772	0.0006422607578676942	0.017341040462427744	0.004923999143652323	0.0008563476771569257	0.006636694497966175	0.020338257332476985	0.1376578891029758	0.005780346820809248	0.0019267822736030828	0.0019267822736030828	0.00042817383857846286	0.04131877542282167	0.021622778848212374	0.06829372725326482	0.024834082637550846	0.046242774566473986	0.004281738385784628	0.00021408691928923143	0.001070434596446157	0.0008563476771569257	0.0	0.0006422607578676942	0.0032113037893384713	0.00042817383857846286	0.002569043031470777	0.0	0.0	0.0	0.0	0.00021408691928923143	0.006422607578676943	0.00021408691928923143	0.00042817383857846286	0.001070434596446157	0.0027831299507600086	0.00021408691928923143	0.00021408691928923143	0.0032113037893384713	0.0	0.00021408691928923143	0.0	0.00021408691928923143	0.009205737529436951	0.0027831299507600086	0.005352172982230786	0.001070434596446157	0.0	0.0	0.00021408691928923143	0.0	0.0	0.0	0.0	0.00021408691928923143	0.00021408691928923143	0.00021408691928923143	0.0017126953543138515	0.00021408691928923143	0.00021408691928923143	0.00021408691928923143	0.0	0.00021408691928923143
ME_Oxford	0.00796812749003984	0.0	0.0	0.0	0.0	0.00199203187250996	0.0	0.0	0.00199203187250996	0.0	0.00199203187250996	0.01593625498007968	0.0	0.03187250996015936	0.00597609561752988	0.00398406374501992	0.0	0.0099601593625498	0.0	0.00199203187250996	0.0	0.0	0.0	0.06772908366533864	0.0	0.0	0.10956175298804781	0.0	0.00597609561752988	0.00199203187250996	0.0	0.0199203187250996	0.00398406374501992	0.00398406374501992	0.0	0.01195219123505976	0.027888446215139442	0.029880478087649404	0.0	0.00398406374501992	0.04780876494023904	0.0	0.0	0.01195219123505976	0.017928286852589643	0.20119521912350596	0.00597609561752988	0.00398406374501992	0.0	0.0	0.04183266932270916	0.017928286852589643	0.043824701195219126	0.027888446215139442	0.11155378486055777	0.00398406374501992	0.0	0.00199203187250996	0.0	0.0	0.0	0.0099601593625498	0.0	0.0	0.0	0.0	0.0	0.0	0.0	0.01195219123505976	0.0	0.00199203187250996	0.0	0.0	0.0	0.0	0.04183266932270916	0.0	0.0	0.0	0.0	0.00796812749003984	0.00597609561752988	0.00199203187250996	0.00199203187250996	0.0	0.0	0.00597609561752988	0.0	0.0	0.0	0.0	0.0	0.0	0.00199203187250996	0.0	0.0	0.0	0.0	0.0	0.0
VT_Rutland	0.002840909090909091	0.0	0.0	0.0	0.0	0.002840909090909091	0.0	0.0	0.0	0.0	0.0	0.03409090909090909	0.0	0.048295454545454544	0.0	0.008522727272727272	0.0	0.022727272727272728	0.0	0.0	0.0	0.0	0.008522727272727272	0.05397727272727273	0.0	0.0	0.07670454545454546	0.0	0.0	0.002840909090909091	0.008522727272727272	0.02556818181818182	0.014204545454545454	0.017045454545454544	0.0	0.022727272727272728	0.011363636363636364	0.048295454545454544	0.0	0.002840909090909091	0.036931818181818184	0.005681818181818182	0.0	0.011363636363636364	0.03409090909090909	0.17897727272727273	0.0	0.0	0.0	0.0	0.07102272727272728	0.0625	0.03977272727272727	0.045454545454545456	0.036931818181818184	0.008522727272727272	0.0	0.0	0.002840909090909091	0.0	0.0	0.0	0.0	0.0	0.0	0.0	0.0	0.0	0.0	0.002840909090909091	0.0	0.0	0.0	0.0	0.0	0.0	0.03409090909090909	0.0	0.0	0.0	0.0	0.002840909090909091	0.002840909090909091	0.011363636363636364	0.0	0.0	0.0	0.0	0.0	0.0	0.0	0.0	0.0	0.0	0.0	0.0	0.0	0.0	0.0	0.0	0.0
MA_Bristol	0.002926115581565472	0.006876371616678859	0.0023408924652523777	0.0016093635698610094	0.0	0.002487198244330651	0.000731528895391368	0.0004389173372348208	0.0020482809070958303	0.001463057790782736	0.0026335040234089246	0.003803950256035113	0.0	0.0011704462326261888	0.0026335040234089246	0.003950256035113387	0.0026335040234089246	0.044769568397951716	0.0013167520117044623	0.019604974396488662	0.004535479151426481	0.0005852231163130944	0.002487198244330651	0.08207754206291148	0.0	0.0	0.2719824433065106	0.0013167520117044623	0.0011704462326261888	0.0001463057790782736	0.0013167520117044623	0.022384784198975858	0.007900512070226774	0.007168983174835406	0.0001463057790782736	0.010534016093635698	0.03218727139722019	0.017410387710314557	0.0035113386978785663	0.0002926115581565472	0.010972933430870519	0.004096561814191661	0.001463057790782736	0.005852231163130944	0.01667885881492319	0.1258229700073153	0.003803950256035113	0.0013167520117044623	0.0019019751280175566	0.000731528895391368	0.03701536210680322	0.016825164594001463	0.05442574981711778	0.023701536210680323	0.07915142648134602	0.003365032918800293	0.0	0.003365032918800293	0.0	0.0001463057790782736	0.0004389173372348208	0.002779809802487198	0.0002926115581565472	0.002926115581565472	0.0	0.0	0.0	0.0	0.0001463057790782736	0.007607900512070226	0.0	0.0008778346744696416	0.0	0.001463057790782736	0.0005852231163130944	0.0002926115581565472	0.0035113386978785663	0.0	0.0001463057790782736	0.0	0.0001463057790782736	0.005267008046817849	0.0030724213606437454	0.0035113386978785663	0.0013167520117044623	0.0001463057790782736	0.0	0.0	0.0010241404535479151	0.0	0.0005852231163130944	0.0001463057790782736	0.0002926115581565472	0.0001463057790782736	0.0	0.0008778346744696416	0.0	0.0	0.0004389173372348208	0.0002926115581565472	0.0004389173372348208
VT_Washington	0.003861003861003861	0.0	0.003861003861003861	0.003861003861003861	0.0	0.0	0.0	0.0	0.0	0.0	0.0	0.007722007722007722	0.0	0.011583011583011582	0.03088803088803089	0.003861003861003861	0.003861003861003861	0.023166023166023165	0.0	0.003861003861003861	0.0	0.0	0.0	0.03861003861003861	0.0	0.0	0.09652509652509653	0.003861003861003861	0.0	0.0	0.003861003861003861	0.007722007722007722	0.02702702702702703	0.007722007722007722	0.0	0.05405405405405406	0.011583011583011582	0.04247104247104247	0.0	0.0	0.03088803088803089	0.003861003861003861	0.0	0.011583011583011582	0.015444015444015444	0.14671814671814673	0.0	0.0	0.0	0.0	0.04247104247104247	0.08494208494208494	0.09266409266409266	0.07722007722007722	0.04247104247104247	0.011583011583011582	0.0	0.0	0.0	0.0	0.0	0.0	0.0	0.0	0.0	0.0	0.0	0.0	0.0	0.0	0.0	0.0	0.0	0.0	0.0	0.0	0.04247104247104247	0.0	0.0	0.0	0.0	0.007722007722007722	0.0	0.0	0.0	0.0	0.0	0.0	0.0	0.0	0.0	0.0	0.0	0.0	0.0	0.0	0.0	0.0	0.0	0.0	0.0
MA_Norfolk	0.006453926138400861	0.016314091072068843	0.007529580494801004	0.002509860164933668	0.00017927572606669058	0.0032269630692004303	0.0007171029042667623	0.0005378271782000717	0.0016134815346002152	0.001254930082466834	0.006633201864467551	0.0059160989602007885	0.0	0.003764790247400502	0.0032269630692004303	0.004302617425600574	0.0010756543564001434	0.04410182861240588	0.00035855145213338117	0.01613481534600215	0.005736823234134099	0.00035855145213338117	0.0023305844388669776	0.12280387235568305	0.00017927572606669058	0.0	0.17820007171029043	0.0017927572606669057	0.0005378271782000717	0.0007171029042667623	0.0023305844388669776	0.03513804230907135	0.005019720329867336	0.011473646468268197	0.0007171029042667623	0.014700609537468627	0.0360344209394048	0.018106848332735747	0.0026891358910003586	0.0007171029042667623	0.007708856220867695	0.0051989960559340265	0.0005378271782000717	0.0059160989602007885	0.01613481534600215	0.14001434205808533	0.0032269630692004303	0.0032269630692004303	0.0014342058085335247	0.0010756543564001434	0.0360344209394048	0.022947292936536395	0.06633201864467551	0.032448906418070994	0.03693079956973826	0.0030476873431337396	0.00017927572606669058	0.001254930082466834	0.00017927572606669058	0.0	0.00035855145213338117	0.0030476873431337396	0.0008963786303334528	0.0026891358910003586	0.0005378271782000717	0.00035855145213338117	0.00017927572606669058	0.0	0.00035855145213338117	0.006453926138400861	0.00035855145213338117	0.0010756543564001434	0.00017927572606669058	0.0008963786303334528	0.0010756543564001434	0.0007171029042667623	0.005019720329867336	0.00035855145213338117	0.0010756543564001434	0.0	0.0	0.006633201864467551	0.004661168877733955	0.005557547508067408	0.0007171029042667623	0.00035855145213338117	0.0	0.00035855145213338117	0.0016134815346002152	0.0	0.0	0.0	0.00017927572606669058	0.0	0.00017927572606669058	0.001254930082466834	0.001254930082466834	0.00035855145213338117	0.001254930082466834	0.00017927572606669058	0.0005378271782000717
NH_Carroll	0.0018281535648994515	0.0	0.0	0.0	0.0	0.0	0.0	0.0	0.0	0.0018281535648994515	0.0	0.043875685557586835	0.0	0.029250457038391225	0.0	0.005484460694698354	0.0	0.003656307129798903	0.0	0.0018281535648994515	0.0	0.0	0.0018281535648994515	0.05850091407678245	0.0	0.0	0.056672760511883	0.0	0.0	0.0018281535648994515	0.0	0.018281535648994516	0.02010968921389397	0.009140767824497258	0.0	0.005484460694698354	0.021937842778793418	0.02010968921389397	0.0	0.0	0.03656307129798903	0.0018281535648994515	0.0	0.009140767824497258	0.016453382084095063	0.2595978062157221	0.0018281535648994515	0.003656307129798903	0.0018281535648994515	0.0018281535648994515	0.08226691042047532	0.029250457038391225	0.0603290676416819	0.038391224862888484	0.08775137111517367	0.0018281535648994515	0.0	0.0	0.0	0.0	0.0	0.003656307129798903	0.0	0.0	0.0	0.0	0.0	0.0	0.0	0.0	0.0	0.0	0.0	0.0	0.0	0.0	0.03290676416819013	0.0	0.0	0.0	0.0	0.007312614259597806	0.0	0.012797074954296161	0.0	0.0	0.0	0.0	0.0	0.0	0.0	0.0	0.0018281535648994515	0.0	0.0	0.0	0.003656307129798903	0.0	0.0	0.0	0.003656307129798903
RI_Newport	0.0	0.002936857562408223	0.002936857562408223	0.0014684287812041115	0.0	0.004405286343612335	0.0	0.0	0.0	0.0	0.0014684287812041115	0.04552129221732746	0.0	0.01762114537444934	0.010279001468428781	0.0014684287812041115	0.0	0.016152716593245228	0.0	0.007342143906020558	0.004405286343612335	0.0	0.0	0.030837004405286344	0.0014684287812041115	0.0	0.08516886930983847	0.0014684287812041115	0.0014684287812041115	0.004405286343612335	0.0014684287812041115	0.016152716593245228	0.013215859030837005	0.01762114537444934	0.0	0.014684287812041116	0.024963289280469897	0.01762114537444934	0.007342143906020558	0.0	0.024963289280469897	0.0	0.0	0.007342143906020558	0.01762114537444934	0.17914831130690162	0.0	0.0014684287812041115	0.0	0.0014684287812041115	0.07488986784140969	0.022026431718061675	0.06754772393538913	0.07929515418502203	0.13215859030837004	0.0014684287812041115	0.0	0.0014684287812041115	0.0	0.0	0.0	0.0	0.0	0.0	0.0	0.0	0.0	0.0	0.0	0.0014684287812041115	0.0	0.007342143906020558	0.0	0.0	0.0	0.0	0.0	0.0	0.0014684287812041115	0.0	0.0	0.005873715124816446	0.005873715124816446	0.0014684287812041115	0.0	0.002936857562408223	0.0	0.0	0.0	0.0	0.0	0.0	0.0014684287812041115	0.0	0.0014684287812041115	0.0014684287812041115	0.0	0.0	0.0	0.0014684287812041115	0.002936857562408223
NH_Grafton	0.005199306759098787	0.0034662045060658577	0.0034662045060658577	0.0	0.0	0.006932409012131715	0.0	0.0	0.0	0.0	0.0034662045060658577	0.024263431542461005	0.0	0.02772963604852686	0.0034662045060658577	0.01733102253032929	0.0	0.029462738301559793	0.0	0.0	0.0	0.0	0.0034662045060658577	0.0779896013864818	0.0	0.0	0.12824956672443674	0.006932409012131715	0.0034662045060658577	0.0	0.0034662045060658577	0.019064124783362217	0.01386481802426343	0.01386481802426343	0.0	0.012131715771230503	0.02079722703639515	0.01733102253032929	0.0	0.0	0.029462738301559793	0.0017331022530329288	0.0	0.006932409012131715	0.01733102253032929	0.20103986135181975	0.0	0.0017331022530329288	0.0	0.0	0.05025996533795494	0.03119584055459272	0.06932409012131716	0.029462738301559793	0.038128249566724434	0.0	0.0	0.0	0.0	0.0	0.0034662045060658577	0.0	0.0	0.0	0.0	0.0	0.0	0.0	0.0	0.0017331022530329288	0.0	0.0017331022530329288	0.0	0.0	0.0	0.0	0.03986135181975736	0.0	0.0	0.0	0.0	0.008665511265164644	0.0034662045060658577	0.010398613518197574	0.0	0.0	0.0	0.0017331022530329288	0.0	0.0	0.0	0.0	0.0	0.0	0.0	0.0034662045060658577	0.0	0.0034662045060658577	0.0	0.0	0.0
RI_Providence	0.0010602205258693808	0.0039228159457167094	0.0022264631043256997	0.0008481764206955047	0.00010602205258693808	0.0039228159457167094	0.00042408821034775233	0.00021204410517387616	0.0015903307888040711	0.0015903307888040711	0.0019083969465648854	0.00275657336726039	0.0	0.0008481764206955047	0.00021204410517387616	0.0039228159457167094	0.001378286683630195	0.08078880407124682	0.0008481764206955047	0.020144189991518235	0.004664970313825276	0.00042408821034775233	0.0014843087362171332	0.08619592875318066	0.00042408821034775233	0.00010602205258693808	0.2143765903307888	0.0021204410517387615	0.00042408821034775233	0.0010602205258693808	0.001378286683630195	0.02873197625106022	0.010920271416454623	0.019720101781170483	0.00010602205258693808	0.008693808312128922	0.03827396098388465	0.011768447837150127	0.004664970313825276	0.0008481764206955047	0.010920271416454623	0.0039228159457167094	0.00042408821034775233	0.0057251908396946565	0.01219253604749788	0.1322094995759118	0.0029686174724342664	0.001272264631043257	0.0009541984732824427	0.0010602205258693808	0.04071246819338423	0.01155640373197625	0.04018235793044953	0.026293469041560644	0.10199321458863443	0.0020144189991518234	0.00010602205258693808	0.0010602205258693808	0.0	0.0	0.0009541984732824427	0.0028625954198473282	0.0003180661577608143	0.0005301102629346904	0.00010602205258693808	0.0003180661577608143	0.00010602205258693808	0.0	0.0	0.006043256997455471	0.0	0.0007421543681085666	0.00042408821034775233	0.0021204410517387615	0.0029686174724342664	0.001272264631043257	0.0005301102629346904	0.00021204410517387616	0.00021204410517387616	0.00010602205258693808	0.00010602205258693808	0.004664970313825276	0.005831212892281595	0.0029686174724342664	0.0009541984732824427	0.0	0.0	0.0	0.0021204410517387615	0.0	0.00010602205258693808	0.0	0.00010602205258693808	0.00010602205258693808	0.00010602205258693808	0.0003180661577608143	0.0003180661577608143	0.0	0.0005301102629346904	0.0005301102629346904	0.0007421543681085666
RI_Kent	0.0027100271002710027	0.005420054200542005	0.0065040650406504065	0.0016260162601626016	0.0	0.007046070460704607	0.0	0.0	0.001084010840108401	0.0005420054200542005	0.002168021680216802	0.00921409214092141	0.0	0.0032520325203252032	0.0	0.005962059620596206	0.0005420054200542005	0.06829268292682927	0.0005420054200542005	0.017344173441734417	0.014092140921409214	0.002168021680216802	0.002168021680216802	0.11598915989159891	0.004336043360433604	0.0005420054200542005	0.08563685636856369	0.001084010840108401	0.0005420054200542005	0.0005420054200542005	0.001084010840108401	0.04173441734417344	0.010298102981029811	0.00921409214092141	0.0	0.01951219512195122	0.02981029810298103	0.02005420054200542	0.002168021680216802	0.0005420054200542005	0.014634146341463415	0.0065040650406504065	0.0016260162601626016	0.004336043360433604	0.01951219512195122	0.23685636856368564	0.001084010840108401	0.0027100271002710027	0.001084010840108401	0.0016260162601626016	0.05962059620596206	0.020596205962059622	0.016802168021680216	0.022764227642276424	0.04607046070460705	0.003794037940379404	0.0005420054200542005	0.0005420054200542005	0.004878048780487805	0.0005420054200542005	0.0	0.0027100271002710027	0.0	0.0	0.0016260162601626016	0.0	0.0	0.0	0.0	0.002168021680216802	0.0	0.001084010840108401	0.0	0.0005420054200542005	0.0016260162601626016	0.0016260162601626016	0.0027100271002710027	0.0	0.0	0.0	0.0	0.003794037940379404	0.016260162601626018	0.0027100271002710027	0.0	0.0	0.0	0.0	0.0005420054200542005	0.0	0.0005420054200542005	0.0	0.0	0.0	0.0	0.0016260162601626016	0.0005420054200542005	0.0	0.0	0.0	0.0
VT_Lamoille	0.008264462809917356	0.008264462809917356	0.008264462809917356	0.0	0.0	0.0	0.0	0.0	0.0	0.0	0.0	0.03305785123966942	0.0	0.049586776859504134	0.0	0.008264462809917356	0.0	0.0	0.0	0.0	0.0	0.0	0.0	0.05785123966942149	0.0	0.0	0.049586776859504134	0.0	0.0	0.008264462809917356	0.0	0.01652892561983471	0.024793388429752067	0.03305785123966942	0.0	0.01652892561983471	0.008264462809917356	0.06611570247933884	0.0	0.0	0.01652892561983471	0.0	0.0	0.024793388429752067	0.024793388429752067	0.17355371900826447	0.0	0.0	0.008264462809917356	0.0	0.09917355371900827	0.05785123966942149	0.05785123966942149	0.01652892561983471	0.03305785123966942	0.008264462809917356	0.0	0.0	0.0	0.0	0.0	0.0	0.0	0.0	0.0	0.0	0.0	0.008264462809917356	0.0	0.008264462809917356	0.0	0.0	0.0	0.0	0.0	0.0	0.06611570247933884	0.0	0.0	0.0	0.0	0.0	0.0	0.0	0.0	0.0	0.0	0.0	0.0	0.0	0.0	0.0	0.0	0.0	0.0	0.0	0.0	0.0	0.0	0.0	0.0
CT_Hartford	0.0022389253158483927	0.02486806332960179	0.0011194626579241963	0.006316967855429394	0.00023988485526947067	0.002798656644810491	0.00031984647369262754	0.00023988485526947067	0.0008795778026547258	0.0011194626579241963	0.0009595394210778827	0.005917159763313609	0.0	0.003438349592195746	0.0006396929473852551	0.013833359987206141	0.0015992323684631377	0.08763793379177995	0.00015992323684631377	0.01895090356628818	0.00359827282904206	0.00031984647369262754	0.0010395010395010396	0.09035662881816728	0.00023988485526947067	0.0	0.18870941947865025	0.00023988485526947067	0.00031984647369262754	0.0007996161842315689	0.0011994242763473534	0.04158004158004158	0.004158004158004158	0.007516392131776747	0.00015992323684631377	0.014712937789860867	0.04573804573804574	0.018551095474172396	0.0023988485526947067	0.0007996161842315689	0.007596353750199904	0.00487765872381257	0.00031984647369262754	0.003998080921157845	0.018551095474172396	0.1574444266751959	0.0036782344474652166	0.0019990404605789223	0.0023988485526947067	0.0012793858947705101	0.03502318886934271	0.024788101711178633	0.014872861026707181	0.021189828882136573	0.05957140572525188	0.0031185031185031187	0.00015992323684631377	0.002878618263233648	0.00023988485526947067	0.00023988485526947067	0.000719654565808412	0.004637773868543099	0.00039980809211578443	0.0	0.00031984647369262754	0.0006396929473852551	0.00023988485526947067	7.996161842315688e-05	0.0	0.007036622421237806	7.996161842315688e-05	0.0	7.996161842315688e-05	0.0012793858947705101	0.0022389253158483927	0.002798656644810491	0.002798656644810491	0.000719654565808412	0.00023988485526947067	0.0	0.00015992323684631377	0.004717735486966256	0.002158963697425236	0.00487765872381257	0.000719654565808412	0.0	0.0	0.0	0.00031984647369262754	0.0	7.996161842315688e-05	0.0	0.00015992323684631377	7.996161842315688e-05	0.0	0.0009595394210778827	0.00015992323684631377	0.00023988485526947067	0.00023988485526947067	0.0	0.0008795778026547258
ME_Waldo	0.0	0.0	0.0	0.0	0.0	0.011834319526627219	0.005917159763313609	0.0	0.0	0.0	0.0	0.047337278106508875	0.0	0.05917159763313609	0.005917159763313609	0.0	0.0	0.023668639053254437	0.0	0.005917159763313609	0.0	0.0	0.005917159763313609	0.05325443786982249	0.0	0.0	0.05917159763313609	0.0	0.01775147928994083	0.0	0.0	0.005917159763313609	0.0	0.0	0.0	0.005917159763313609	0.011834319526627219	0.023668639053254437	0.011834319526627219	0.0	0.029585798816568046	0.0	0.0	0.005917159763313609	0.011834319526627219	0.1952662721893491	0.0	0.0	0.0	0.0	0.08284023668639054	0.047337278106508875	0.03550295857988166	0.011834319526627219	0.08875739644970414	0.005917159763313609	0.0	0.0	0.0	0.0	0.0	0.0	0.0	0.0	0.0	0.0	0.0	0.0	0.0	0.0	0.0	0.005917159763313609	0.0	0.0	0.0	0.0	0.07100591715976332	0.0	0.0	0.005917159763313609	0.0	0.0	0.011834319526627219	0.01775147928994083	0.0	0.0	0.0	0.005917159763313609	0.0	0.0	0.0	0.0	0.0	0.0	0.0	0.011834319526627219	0.0	0.0	0.0	0.0	0.0
MA_Dukes	0.0	0.0	0.0	0.0	0.0	0.0	0.0	0.0	0.018867924528301886	0.0	0.0	0.09433962264150944	0.0	0.03773584905660377	0.0	0.0	0.0	0.0	0.0	0.018867924528301886	0.0	0.0	0.0	0.0	0.0	0.0	0.018867924528301886	0.0	0.0	0.0	0.0	0.018867924528301886	0.0	0.0	0.0	0.0	0.0	0.018867924528301886	0.0	0.0	0.0	0.0	0.0	0.05660377358490566	0.0	0.24528301886792453	0.0	0.0	0.0	0.0	0.09433962264150944	0.09433962264150944	0.1509433962264151	0.03773584905660377	0.03773584905660377	0.0	0.0	0.0	0.0	0.0	0.0	0.0	0.0	0.0	0.0	0.0	0.0	0.0	0.0	0.0	0.0	0.018867924528301886	0.0	0.0	0.0	0.0	0.03773584905660377	0.0	0.0	0.0	0.0	0.0	0.0	0.0	0.0	0.0	0.0	0.0	0.0	0.0	0.0	0.0	0.0	0.0	0.0	0.0	0.0	0.0	0.0	0.0	0.0
RI_Bristol	0.002617801047120419	0.002617801047120419	0.0	0.0	0.0	0.002617801047120419	0.0	0.0	0.0	0.0	0.0	0.015706806282722512	0.0	0.005235602094240838	0.0	0.002617801047120419	0.0	0.05235602094240838	0.0	0.03664921465968586	0.007853403141361256	0.0	0.0	0.10209424083769633	0.0	0.0	0.0968586387434555	0.0	0.0	0.0	0.002617801047120419	0.028795811518324606	0.007853403141361256	0.01832460732984293	0.0	0.010471204188481676	0.020942408376963352	0.02617801047120419	0.005235602094240838	0.0	0.002617801047120419	0.005235602094240838	0.0	0.007853403141361256	0.010471204188481676	0.1387434554973822	0.002617801047120419	0.0	0.0	0.0	0.05759162303664921	0.015706806282722512	0.05759162303664921	0.07068062827225131	0.1518324607329843	0.005235602094240838	0.0	0.0	0.0	0.0	0.0	0.002617801047120419	0.0	0.0	0.0	0.0	0.0	0.0	0.0	0.0	0.002617801047120419	0.0	0.0	0.0	0.0	0.002617801047120419	0.002617801047120419	0.0	0.0	0.0	0.0	0.0	0.007853403141361256	0.0	0.002617801047120419	0.002617801047120419	0.0	0.0	0.0	0.0	0.0	0.0	0.0	0.0	0.0	0.002617801047120419	0.0	0.0	0.0	0.0	0.0
MA_Franklin	0.0	0.002680965147453083	0.002680965147453083	0.0	0.0	0.0013404825737265416	0.0	0.0	0.002680965147453083	0.0	0.006702412868632708	0.004021447721179625	0.0	0.005361930294906166	0.0013404825737265416	0.00938337801608579	0.0	0.04691689008042895	0.0	0.0160857908847185	0.0013404825737265416	0.0013404825737265416	0.0	0.13002680965147453	0.0	0.0	0.14209115281501342	0.0	0.0013404825737265416	0.0013404825737265416	0.0	0.013404825737265416	0.00938337801608579	0.006702412868632708	0.0013404825737265416	0.012064343163538873	0.028150134048257374	0.02680965147453083	0.004021447721179625	0.0	0.021447721179624665	0.0	0.0	0.005361930294906166	0.010723860589812333	0.18498659517426275	0.005361930294906166	0.004021447721179625	0.0013404825737265416	0.0	0.036193029490616625	0.01742627345844504	0.040214477211796246	0.03753351206434316	0.064343163538874	0.006702412868632708	0.0	0.0013404825737265416	0.002680965147453083	0.0013404825737265416	0.004021447721179625	0.005361930294906166	0.0	0.0	0.0	0.0013404825737265416	0.0	0.0	0.0	0.013404825737265416	0.0	0.0	0.0	0.0	0.0013404825737265416	0.0	0.02546916890080429	0.0	0.0	0.0	0.0	0.00938337801608579	0.00938337801608579	0.002680965147453083	0.0	0.0	0.0	0.0	0.0	0.0	0.0	0.0	0.0	0.0	0.0	0.005361930294906166	0.0013404825737265416	0.0	0.0	0.0	0.0013404825737265416
ME_Lincoln	0.0	0.0	0.0	0.0	0.0	0.00423728813559322	0.0	0.0	0.0	0.0	0.0	0.03177966101694915	0.0	0.023305084745762712	0.01059322033898305	0.0	0.0	0.00847457627118644	0.0	0.014830508474576272	0.0	0.0	0.0	0.029661016949152543	0.0	0.0	0.01694915254237288	0.00211864406779661	0.00423728813559322	0.0	0.0	0.029661016949152543	0.01059322033898305	0.012711864406779662	0.0	0.01059322033898305	0.03389830508474576	0.03177966101694915	0.00211864406779661	0.00211864406779661	0.03389830508474576	0.00211864406779661	0.0	0.00423728813559322	0.006355932203389831	0.2584745762711864	0.00211864406779661	0.006355932203389831	0.00211864406779661	0.0	0.07627118644067797	0.012711864406779662	0.0614406779661017	0.0423728813559322	0.10805084745762712	0.012711864406779662	0.0	0.00423728813559322	0.00211864406779661	0.0	0.0	0.00423728813559322	0.0	0.0	0.0	0.0	0.0	0.0	0.0	0.01059322033898305	0.0	0.00423728813559322	0.0	0.0	0.0	0.0	0.038135593220338986	0.0	0.0	0.00211864406779661	0.0	0.00423728813559322	0.00211864406779661	0.006355932203389831	0.0	0.00211864406779661	0.0	0.00423728813559322	0.0	0.0	0.0	0.0	0.0	0.0	0.0	0.0	0.0	0.00211864406779661	0.0	0.0	0.00423728813559322
ME_Hancock	0.0	0.0027247956403269754	0.0027247956403269754	0.0027247956403269754	0.0	0.008174386920980926	0.0	0.0	0.0	0.0	0.0	0.0681198910081744	0.0	0.0681198910081744	0.005449591280653951	0.0	0.0	0.021798365122615803	0.0	0.0	0.013623978201634877	0.0	0.0	0.02452316076294278	0.0	0.0	0.05994550408719346	0.0	0.013623978201634877	0.0	0.0	0.005449591280653951	0.005449591280653951	0.010899182561307902	0.0	0.010899182561307902	0.010899182561307902	0.051771117166212535	0.0027247956403269754	0.0	0.021798365122615803	0.0027247956403269754	0.0	0.010899182561307902	0.008174386920980926	0.18256130790190736	0.0027247956403269754	0.0027247956403269754	0.0	0.0	0.08991825613079019	0.051771117166212535	0.043596730245231606	0.02452316076294278	0.07629427792915532	0.010899182561307902	0.0	0.0	0.0	0.0	0.0	0.0	0.0	0.0	0.0	0.0	0.0	0.0	0.0	0.0	0.0	0.008174386920980926	0.0	0.0	0.0	0.0	0.051771117166212535	0.0	0.0	0.0	0.0	0.0	0.005449591280653951	0.008174386920980926	0.0	0.0	0.0	0.0027247956403269754	0.0	0.0	0.0	0.0	0.0027247956403269754	0.0	0.0	0.0027247956403269754	0.0	0.0	0.0	0.0	0.0
NH_Sullivan	0.0	0.0	0.0	0.0	0.0	0.004291845493562232	0.0	0.0	0.0	0.0	0.0	0.004291845493562232	0.0	0.017167381974248927	0.0	0.02575107296137339	0.0	0.06437768240343347	0.0	0.012875536480686695	0.0	0.0	0.0	0.0815450643776824	0.0	0.0	0.12446351931330472	0.0	0.0	0.0	0.0	0.004291845493562232	0.004291845493562232	0.017167381974248927	0.0	0.017167381974248927	0.03862660944206009	0.02145922746781116	0.0	0.004291845493562232	0.008583690987124463	0.0	0.0	0.008583690987124463	0.012875536480686695	0.1630901287553648	0.0	0.004291845493562232	0.0	0.0	0.017167381974248927	0.05150214592274678	0.05150214592274678	0.060085836909871244	0.055793991416309016	0.004291845493562232	0.0	0.0	0.0	0.0	0.0	0.0	0.0	0.0	0.0	0.0	0.0	0.0	0.0	0.008583690987124463	0.0	0.0	0.0	0.0	0.0	0.0	0.060085836909871244	0.0	0.0	0.0	0.004291845493562232	0.008583690987124463	0.012875536480686695	0.017167381974248927	0.0	0.0	0.0	0.004291845493562232	0.0	0.0	0.0	0.0	0.004291845493562232	0.0	0.0	0.0	0.0	0.0	0.0	0.0	0.0
