<measure>
  <schema_version>3.0</schema_version>
  <name>add_residential_occupants</name>
  <uid>f2397929-23f4-46a9-8e46-23aad913d09f</uid>
  <version_id>10ecb31f-e9a9-4a17-8c1a-dbcb458c63f0</version_id>
  <version_modified>20171215T192520Z</version_modified>
  <xml_checksum>57232789</xml_checksum>
  <class_name>AddResidentialOccupants</class_name>
  <display_name>Set Residential Number of Occupants</display_name>
  <description>Sets the number of occupants in the building. For multifamily buildings, the people can be set for all units of the building. See https://github.com/NREL/OpenStudio-BEopt#workflows for supported workflows using this measure.</description>
  <modeler_description>Sets (or replaces) the People object for each finished space in the model.</modeler_description>
  <arguments>
    <argument>
      <name>num_occ</name>
      <display_name>Number of Occupants</display_name>
      <description>Specify the number of occupants. For a multifamily building, specify one value for all units or a comma-separated set of values (in the correct order) for each unit. A value of 'auto' will calculate the average number of occupants from the number of bedrooms. Used to specify the internal gains from people only.</description>
      <type>String</type>
      <required>true</required>
      <model_dependent>false</model_dependent>
      <default_value>auto</default_value>
    </argument>
    <argument>
      <name>occ_gain</name>
      <display_name>Internal Gains</display_name>
      <description>Occupant heat gain, both sensible and latent.</description>
      <type>Double</type>
      <units>Btu/person/hr</units>
      <required>true</required>
      <model_dependent>false</model_dependent>
      <default_value>384</default_value>
    </argument>
    <argument>
      <name>sens_frac</name>
      <display_name>Sensible Fraction</display_name>
      <description>Fraction of internal gains that are sensible.</description>
      <type>Double</type>
      <required>true</required>
      <model_dependent>false</model_dependent>
      <default_value>0.573</default_value>
    </argument>
    <argument>
      <name>lat_frac</name>
      <display_name>Latent Fraction</display_name>
      <description>Fraction of internal gains that are latent.</description>
      <type>Double</type>
      <required>true</required>
      <model_dependent>false</model_dependent>
      <default_value>0.427</default_value>
    </argument>
    <argument>
      <name>weekday_sch</name>
      <display_name>Weekday schedule</display_name>
      <description>Specify the 24-hour weekday schedule.</description>
      <type>String</type>
      <required>true</required>
      <model_dependent>false</model_dependent>
      <default_value>1.00000, 1.00000, 1.00000, 1.00000, 1.00000, 1.00000, 1.00000, 0.88310, 0.40861, 0.24189, 0.24189, 0.24189, 0.24189, 0.24189, 0.24189, 0.24189, 0.29498, 0.55310, 0.89693, 0.89693, 0.89693, 1.00000, 1.00000, 1.00000</default_value>
    </argument>
    <argument>
      <name>weekend_sch</name>
      <display_name>Weekend schedule</display_name>
      <description>Specify the 24-hour weekend schedule.</description>
      <type>String</type>
      <required>true</required>
      <model_dependent>false</model_dependent>
      <default_value>1.00000, 1.00000, 1.00000, 1.00000, 1.00000, 1.00000, 1.00000, 0.88310, 0.40861, 0.24189, 0.24189, 0.24189, 0.24189, 0.24189, 0.24189, 0.24189, 0.29498, 0.55310, 0.89693, 0.89693, 0.89693, 1.00000, 1.00000, 1.00000</default_value>
    </argument>
    <argument>
      <name>monthly_sch</name>
      <display_name>Month schedule</display_name>
      <description>Specify the 12-month schedule.</description>
      <type>String</type>
      <required>true</required>
      <model_dependent>false</model_dependent>
      <default_value>1.0, 1.0, 1.0, 1.0, 1.0, 1.0, 1.0, 1.0, 1.0, 1.0, 1.0, 1.0</default_value>
    </argument>
  </arguments>
  <outputs/>
  <provenances/>
  <tags>
    <tag>People.Characteristics</tag>
  </tags>
  <attributes>
    <attribute>
      <name>Measure Type</name>
      <value>ModelMeasure</value>
      <datatype>string</datatype>
    </attribute>
    <attribute>
      <name>Intended Software Tool</name>
      <value>Apply Measure Now</value>
      <datatype>string</datatype>
    </attribute>
    <attribute>
      <name>Intended Software Tool</name>
      <value>OpenStudio Application</value>
      <datatype>string</datatype>
    </attribute>
    <attribute>
      <name>Intended Software Tool</name>
      <value>Parametric Analysis Tool</value>
      <datatype>string</datatype>
    </attribute>
  </attributes>
  <files>
    <file>
      <filename>ResidentialOccupants_Test.rb</filename>
      <filetype>rb</filetype>
      <usage_type>test</usage_type>
      <checksum>0E21958D</checksum>
    </file>
    <file>
      <filename>util.rb</filename>
      <filetype>rb</filetype>
      <usage_type>resource</usage_type>
      <checksum>BE5BF810</checksum>
    </file>
    <file>
      <version>
        <software_program>OpenStudio</software_program>
        <identifier>1.9.0</identifier>
        <min_compatible>2.0.4</min_compatible>
      </version>
      <filename>measure.rb</filename>
      <filetype>rb</filetype>
      <usage_type>script</usage_type>
      <checksum>DBEE2165</checksum>
    </file>
    <file>
      <filename>SFD_2000sqft_2story_FB_GRG_UA.osm</filename>
      <filetype>osm</filetype>
      <usage_type>test</usage_type>
      <checksum>CA321119</checksum>
    </file>
    <file>
      <filename>SFD_2000sqft_2story_FB_GRG_UA_3Beds_2Baths.osm</filename>
      <filetype>osm</filetype>
      <usage_type>test</usage_type>
      <checksum>AF2537C3</checksum>
    </file>
    <file>
      <filename>MF_8units_1story_SL_3Beds_2Baths_Denver.osm</filename>
      <filetype>osm</filetype>
      <usage_type>test</usage_type>
      <checksum>DAC3490B</checksum>
    </file>
    <file>
      <filename>SFA_4units_1story_FB_UA_3Beds_2Baths_Denver.osm</filename>
      <filetype>osm</filetype>
      <usage_type>test</usage_type>
      <checksum>28EB07A1</checksum>
    </file>
    <file>
      <filename>geometry.rb</filename>
      <filetype>rb</filetype>
      <usage_type>resource</usage_type>
      <checksum>A9382DBC</checksum>
    </file>
    <file>
      <filename>constants.rb</filename>
      <filetype>rb</filetype>
      <usage_type>resource</usage_type>
      <checksum>022C15E2</checksum>
    </file>
    <file>
      <filename>unit_conversions.rb</filename>
      <filetype>rb</filetype>
      <usage_type>resource</usage_type>
      <checksum>31924A51</checksum>
    </file>
    <file>
      <filename>schedules.rb</filename>
      <filetype>rb</filetype>
      <usage_type>resource</usage_type>
      <checksum>7826E992</checksum>
    </file>
  </files>
</measure>
