<measure>
  <schema_version>3.0</schema_version>
  <name>residential_clothes_dryer</name>
  <uid>0b112141-4e2e-4dad-b2fd-2d1f629391f0</uid>
  <version_id>35b6271e-ad48-4e23-b657-bc069ed5a7f5</version_id>
  <version_modified>20171215T192519Z</version_modified>
  <xml_checksum>126F1C43</xml_checksum>
  <class_name>ResidentialClothesDryer</class_name>
  <display_name>Set Residential Electric Clothes Dryer</display_name>
  <description>Adds (or replaces) a residential clothes dryer with the specified efficiency, operation, and schedule. For multifamily buildings, the clothes dryer can be set for all units of the building. See https://github.com/NREL/OpenStudio-BEopt#workflows for supported workflows using this measure.</description>
  <modeler_description>Since there is no Clothes Dryer object in OpenStudio/EnergyPlus, we look for an ElectricEquipment or OtherEquipment object with the name that denotes it is a residential clothes dryer. If one is found, it is replaced with the specified properties. Otherwise, a new such object is added to the model. Note: This measure requires the number of bedrooms/bathrooms to have already been assigned.</modeler_description>
  <arguments>
    <argument>
      <name>cef</name>
      <display_name>Combined Energy Factor</display_name>
      <description>The Combined Energy Factor (CEF) measures the pounds of clothing that can be dried per kWh of electricity, including energy consumed during Stand-by and Off modes. If only an Energy Factor (EF) is available, convert using the equation: CEF = EF / 1.15.</description>
      <type>Double</type>
      <units>lb/kWh</units>
      <required>true</required>
      <model_dependent>false</model_dependent>
      <default_value>2.7</default_value>
    </argument>
    <argument>
      <name>mult</name>
      <display_name>Occupancy Energy Multiplier</display_name>
      <description>Appliance energy use is multiplied by this factor to account for occupancy usage that differs from the national average.</description>
      <type>Double</type>
      <required>true</required>
      <model_dependent>false</model_dependent>
      <default_value>1</default_value>
    </argument>
    <argument>
      <name>weekday_sch</name>
      <display_name>Weekday schedule</display_name>
      <description>Specify the 24-hour weekday schedule.</description>
      <type>String</type>
      <required>true</required>
      <model_dependent>false</model_dependent>
      <default_value>0.010, 0.006, 0.004, 0.002, 0.004, 0.006, 0.016, 0.032, 0.048, 0.068, 0.078, 0.081, 0.074, 0.067, 0.057, 0.061, 0.055, 0.054, 0.051, 0.051, 0.052, 0.054, 0.044, 0.024</default_value>
    </argument>
    <argument>
      <name>weekend_sch</name>
      <display_name>Weekend schedule</display_name>
      <description>Specify the 24-hour weekend schedule.</description>
      <type>String</type>
      <required>true</required>
      <model_dependent>false</model_dependent>
      <default_value>0.010, 0.006, 0.004, 0.002, 0.004, 0.006, 0.016, 0.032, 0.048, 0.068, 0.078, 0.081, 0.074, 0.067, 0.057, 0.061, 0.055, 0.054, 0.051, 0.051, 0.052, 0.054, 0.044, 0.024</default_value>
    </argument>
    <argument>
      <name>monthly_sch</name>
      <display_name>Month schedule</display_name>
      <description>Specify the 12-month schedule.</description>
      <type>String</type>
      <required>true</required>
      <model_dependent>false</model_dependent>
      <default_value>1.0, 1.0, 1.0, 1.0, 1.0, 1.0, 1.0, 1.0, 1.0, 1.0, 1.0, 1.0</default_value>
    </argument>
    <argument>
      <name>space</name>
      <display_name>Location</display_name>
      <description>Select the space where the cooking range is located. 'auto' will choose the lowest above-grade finished space available (e.g., first story living space), or a below-grade finished space as last resort. For multifamily buildings, 'auto' will choose a space for each unit of the building.</description>
      <type>Choice</type>
      <required>true</required>
      <model_dependent>false</model_dependent>
      <default_value>auto</default_value>
      <choices>
        <choice>
          <value>auto</value>
          <display_name>auto</display_name>
        </choice>
      </choices>
    </argument>
  </arguments>
  <outputs/>
  <provenances/>
  <tags>
    <tag>Equipment.Electric Equipment</tag>
  </tags>
  <attributes>
    <attribute>
      <name>Measure Type</name>
      <value>ModelMeasure</value>
      <datatype>string</datatype>
    </attribute>
    <attribute>
      <name>Uses SketchUp API</name>
      <value>false</value>
      <datatype>boolean</datatype>
    </attribute>
  </attributes>
  <files>
    <file>
      <filename>ResidentialClothesDryer_Test.rb</filename>
      <filetype>rb</filetype>
      <usage_type>test</usage_type>
      <checksum>37C3EBB9</checksum>
    </file>
    <file>
      <version>
        <software_program>OpenStudio</software_program>
        <identifier>1.4.0</identifier>
        <min_compatible>2.0.4</min_compatible>
      </version>
      <filename>measure.rb</filename>
      <filetype>rb</filetype>
      <usage_type>script</usage_type>
      <checksum>E6061618</checksum>
    </file>
    <file>
      <filename>SFD_2000sqft_2story_FB_GRG_UA.osm</filename>
      <filetype>osm</filetype>
      <usage_type>test</usage_type>
      <checksum>CA321119</checksum>
    </file>
    <file>
      <filename>SFD_2000sqft_2story_FB_GRG_UA_3Beds_2Baths.osm</filename>
      <filetype>osm</filetype>
      <usage_type>test</usage_type>
      <checksum>AF2537C3</checksum>
    </file>
    <file>
      <filename>MF_8units_1story_SL_3Beds_2Baths_Denver_ElecWHTank_ClothesWasher.osm</filename>
      <filetype>osm</filetype>
      <usage_type>test</usage_type>
      <checksum>CC989237</checksum>
    </file>
    <file>
      <filename>SFA_4units_1story_FB_UA_3Beds_2Baths_Denver_ElecWHTank_ClothesWasher.osm</filename>
      <filetype>osm</filetype>
      <usage_type>test</usage_type>
      <checksum>84C257A7</checksum>
    </file>
    <file>
      <filename>SFD_2000sqft_2story_FB_GRG_UA_3Beds_2Baths_Denver_ElecWHTank_ClothesWasher.osm</filename>
      <filetype>osm</filetype>
      <usage_type>test</usage_type>
      <checksum>622CF096</checksum>
    </file>
    <file>
      <filename>SFD_2000sqft_2story_FB_GRG_UA_3Beds_2Baths_Denver_ElecWHTank_ClothesWasher_GasClothesDryer.osm</filename>
      <filetype>osm</filetype>
      <usage_type>test</usage_type>
      <checksum>16ABD5D1</checksum>
    </file>
    <file>
      <filename>SFD_2000sqft_2story_FB_GRG_UA_3Beds_2Baths_Denver_ElecWHTank_ClothesWasher_PropaneClothesDryer.osm</filename>
      <filetype>osm</filetype>
      <usage_type>test</usage_type>
      <checksum>49DCC41F</checksum>
    </file>
    <file>
      <filename>geometry.rb</filename>
      <filetype>rb</filetype>
      <usage_type>resource</usage_type>
      <checksum>A9382DBC</checksum>
    </file>
    <file>
      <filename>constants.rb</filename>
      <filetype>rb</filetype>
      <usage_type>resource</usage_type>
      <checksum>022C15E2</checksum>
    </file>
    <file>
      <filename>clothesdryer.rb</filename>
      <filetype>rb</filetype>
      <usage_type>resource</usage_type>
      <checksum>0489B75C</checksum>
    </file>
    <file>
      <filename>unit_conversions.rb</filename>
      <filetype>rb</filetype>
      <usage_type>resource</usage_type>
      <checksum>31924A51</checksum>
    </file>
    <file>
      <filename>schedules.rb</filename>
      <filetype>rb</filetype>
      <usage_type>resource</usage_type>
      <checksum>7826E992</checksum>
    </file>
  </files>
</measure>
