<measure>
  <schema_version>3.0</schema_version>
  <name>residential_hot_water_fixtures</name>
  <uid>6159fd36-6bfa-4907-9200-9cb852d50799</uid>
  <version_id>00a1f82c-2313-4129-9318-f810311757c7</version_id>
  <version_modified>20171215T192521Z</version_modified>
  <xml_checksum>A6ACD89C</xml_checksum>
  <class_name>ResidentialHotWaterFixtures</class_name>
  <display_name>Set Residential Hot Water Fixtures</display_name>
  <description>Adds (or replaces) residential hot water fixtures -- showers, sinks, and baths. For multifamily buildings, the hot water fixtures can be set for all units of the building. See https://github.com/NREL/OpenStudio-BEopt#workflows for supported workflows using this measure.</description>
  <modeler_description>Creates three new WaterUse:Equipment objects to represent showers, sinks, and baths in a home. OtherEquipment objects are also added to take into account the heat gain in the space due to hot water use.</modeler_description>
  <arguments>
    <argument>
      <name>shower_mult</name>
      <display_name>Multiplier on shower hot water use</display_name>
      <description>Multiplier on Building America HSP shower hot water consumption. HSP prescribes shower hot water consumption of 14 + 4.67 * n_bedrooms gal/day at 110 F.</description>
      <type>Double</type>
      <required>true</required>
      <model_dependent>false</model_dependent>
      <default_value>1</default_value>
    </argument>
    <argument>
      <name>sink_mult</name>
      <display_name>Multiplier on sink hot water use</display_name>
      <description>Multiplier on Building America HSP sink hot water consumption. HSP prescribes sink hot water consumption of 12.5 + 4.16 * n_bedrooms gal/day at 110 F.</description>
      <type>Double</type>
      <required>true</required>
      <model_dependent>false</model_dependent>
      <default_value>1</default_value>
    </argument>
    <argument>
      <name>bath_mult</name>
      <display_name>Multiplier on bath hot water use</display_name>
      <description>Multiplier on Building America HSP bath hot water consumption. HSP prescribes bath hot water consumption of 3.5 + 1.17 * n_bedrooms gal/day at 110 F.</description>
      <type>Double</type>
      <required>true</required>
      <model_dependent>false</model_dependent>
      <default_value>1</default_value>
    </argument>
    <argument>
      <name>space</name>
      <display_name>Location</display_name>
      <description>Select the space where the hot water fixtures are located. 'auto' will choose the lowest above-grade finished space available (e.g., first story living space), or a below-grade finished space as last resort. For multifamily buildings, 'auto' will choose a space for each unit of the building.</description>
      <type>Choice</type>
      <required>true</required>
      <model_dependent>false</model_dependent>
      <default_value>auto</default_value>
      <choices>
        <choice>
          <value>auto</value>
          <display_name>auto</display_name>
        </choice>
      </choices>
    </argument>
    <argument>
      <name>plant_loop</name>
      <display_name>Plant Loop</display_name>
      <description>Select the plant loop for the hot water fixtures. 'auto' will try to choose the plant loop associated with the specified space. For multifamily buildings, 'auto' will choose the plant loop for each unit of the building.</description>
      <type>Choice</type>
      <required>true</required>
      <model_dependent>false</model_dependent>
      <default_value>auto</default_value>
      <choices>
        <choice>
          <value>auto</value>
          <display_name>auto</display_name>
        </choice>
      </choices>
    </argument>
    <argument>
      <name>schedule_day_shift</name>
      <display_name>Schedule Day Shift</display_name>
      <description>Draw profiles are shifted to prevent coincident hot water events when performing portfolio analyses. For multifamily buildings, draw profiles for each unit are automatically shifted by one week.</description>
      <type>Integer</type>
      <required>true</required>
      <model_dependent>false</model_dependent>
      <default_value>0</default_value>
    </argument>
  </arguments>
  <outputs/>
  <provenances/>
  <tags>
    <tag>Service Water Heating.Water Use</tag>
  </tags>
  <attributes>
    <attribute>
      <name>Measure Type</name>
      <value>ModelMeasure</value>
      <datatype>string</datatype>
    </attribute>
    <attribute>
      <name>Uses SketchUp API</name>
      <value>false</value>
      <datatype>boolean</datatype>
    </attribute>
  </attributes>
  <files>
    <file>
      <filename>USA_CO_Denver_Intl_AP_725650_TMY3.ddy</filename>
      <filetype>ddy</filetype>
      <usage_type>test</usage_type>
      <checksum>FB253570</checksum>
    </file>
    <file>
      <filename>USA_CO_Denver_Intl_AP_725650_TMY3.epw</filename>
      <filetype>epw</filetype>
      <usage_type>test</usage_type>
      <checksum>E23378AA</checksum>
    </file>
    <file>
      <filename>MinuteDrawProfilesMaxFlows.csv</filename>
      <filetype>csv</filetype>
      <usage_type>resource</usage_type>
      <checksum>5CD21305</checksum>
    </file>
    <file>
      <filename>BathSchedule_1bed.csv</filename>
      <filetype>csv</filetype>
      <usage_type>resource</usage_type>
      <checksum>3C6A8C60</checksum>
    </file>
    <file>
      <filename>BathSchedule_2bed.csv</filename>
      <filetype>csv</filetype>
      <usage_type>resource</usage_type>
      <checksum>CEFC541C</checksum>
    </file>
    <file>
      <filename>BathSchedule_3bed.csv</filename>
      <filetype>csv</filetype>
      <usage_type>resource</usage_type>
      <checksum>57D7F74B</checksum>
    </file>
    <file>
      <filename>BathSchedule_4bed.csv</filename>
      <filetype>csv</filetype>
      <usage_type>resource</usage_type>
      <checksum>C51E3A16</checksum>
    </file>
    <file>
      <filename>BathSchedule_5bed.csv</filename>
      <filetype>csv</filetype>
      <usage_type>resource</usage_type>
      <checksum>6F86EAD4</checksum>
    </file>
    <file>
      <filename>ShowerSchedule_1bed.csv</filename>
      <filetype>csv</filetype>
      <usage_type>resource</usage_type>
      <checksum>828DF304</checksum>
    </file>
    <file>
      <filename>ShowerSchedule_2bed.csv</filename>
      <filetype>csv</filetype>
      <usage_type>resource</usage_type>
      <checksum>956B5CA4</checksum>
    </file>
    <file>
      <filename>ShowerSchedule_3bed.csv</filename>
      <filetype>csv</filetype>
      <usage_type>resource</usage_type>
      <checksum>AD8F1670</checksum>
    </file>
    <file>
      <filename>ShowerSchedule_4bed.csv</filename>
      <filetype>csv</filetype>
      <usage_type>resource</usage_type>
      <checksum>CA8DB85D</checksum>
    </file>
    <file>
      <filename>ShowerSchedule_5bed.csv</filename>
      <filetype>csv</filetype>
      <usage_type>resource</usage_type>
      <checksum>247CDEAC</checksum>
    </file>
    <file>
      <filename>SinkSchedule_1bed.csv</filename>
      <filetype>csv</filetype>
      <usage_type>resource</usage_type>
      <checksum>77CD2EBB</checksum>
    </file>
    <file>
      <filename>SinkSchedule_2bed.csv</filename>
      <filetype>csv</filetype>
      <usage_type>resource</usage_type>
      <checksum>0EA74EDC</checksum>
    </file>
    <file>
      <filename>SinkSchedule_3bed.csv</filename>
      <filetype>csv</filetype>
      <usage_type>resource</usage_type>
      <checksum>76715C77</checksum>
    </file>
    <file>
      <filename>SinkSchedule_4bed.csv</filename>
      <filetype>csv</filetype>
      <usage_type>resource</usage_type>
      <checksum>7200A642</checksum>
    </file>
    <file>
      <filename>SinkSchedule_5bed.csv</filename>
      <filetype>csv</filetype>
      <usage_type>resource</usage_type>
      <checksum>D13CEA26</checksum>
    </file>
    <file>
      <filename>psychrometrics.rb</filename>
      <filetype>rb</filetype>
      <usage_type>resource</usage_type>
      <checksum>11E27E42</checksum>
    </file>
    <file>
      <filename>unit_conversions.rb</filename>
      <filetype>rb</filetype>
      <usage_type>resource</usage_type>
      <checksum>31924A51</checksum>
    </file>
    <file>
      <filename>util.rb</filename>
      <filetype>rb</filetype>
      <usage_type>resource</usage_type>
      <checksum>BE5BF810</checksum>
    </file>
    <file>
      <filename>SFD_2000sqft_2story_FB_GRG_UA.osm</filename>
      <filetype>osm</filetype>
      <usage_type>test</usage_type>
      <checksum>CA321119</checksum>
    </file>
    <file>
      <filename>SFD_2000sqft_2story_FB_GRG_UA_3Beds_2Baths.osm</filename>
      <filetype>osm</filetype>
      <usage_type>test</usage_type>
      <checksum>AF2537C3</checksum>
    </file>
    <file>
      <filename>SFD_2000sqft_2story_FB_GRG_UA_3Beds_2Baths_Denver_ElecWHTank.osm</filename>
      <filetype>osm</filetype>
      <usage_type>test</usage_type>
      <checksum>858B867E</checksum>
    </file>
    <file>
      <filename>MF_8units_1story_SL_3Beds_2Baths_Denver_ElecWHTank.osm</filename>
      <filetype>osm</filetype>
      <usage_type>test</usage_type>
      <checksum>1EB3EBD3</checksum>
    </file>
    <file>
      <filename>SFA_4units_1story_FB_UA_3Beds_2Baths_Denver_ElecWHTank.osm</filename>
      <filetype>osm</filetype>
      <usage_type>test</usage_type>
      <checksum>52E5C90F</checksum>
    </file>
    <file>
      <filename>SFD_2000sqft_2story_FB_GRG_UA_3Beds_2Baths_Denver_ElecWHTank_HWFixtures_RecircDist.osm</filename>
      <filetype>osm</filetype>
      <usage_type>test</usage_type>
      <checksum>D31653A8</checksum>
    </file>
    <file>
      <filename>waterheater.rb</filename>
      <filetype>rb</filetype>
      <usage_type>resource</usage_type>
      <checksum>A9CCB075</checksum>
    </file>
    <file>
      <filename>geometry.rb</filename>
      <filetype>rb</filetype>
      <usage_type>resource</usage_type>
      <checksum>A9382DBC</checksum>
    </file>
    <file>
      <filename>ResidentialHotWaterFixtures_Test.rb</filename>
      <filetype>rb</filetype>
      <usage_type>test</usage_type>
      <checksum>8391DF06</checksum>
    </file>
    <file>
      <version>
        <software_program>OpenStudio</software_program>
        <identifier>1.4.1</identifier>
        <min_compatible>2.0.4</min_compatible>
      </version>
      <filename>measure.rb</filename>
      <filetype>rb</filetype>
      <usage_type>script</usage_type>
      <checksum>C8BC4862</checksum>
    </file>
    <file>
      <filename>constants.rb</filename>
      <filetype>rb</filetype>
      <usage_type>resource</usage_type>
      <checksum>022C15E2</checksum>
    </file>
    <file>
      <filename>weather.rb</filename>
      <filetype>rb</filetype>
      <usage_type>resource</usage_type>
      <checksum>82988A63</checksum>
    </file>
    <file>
      <filename>schedules.rb</filename>
      <filetype>rb</filetype>
      <usage_type>resource</usage_type>
      <checksum>7826E992</checksum>
    </file>
  </files>
</measure>
