<measure>
  <schema_version>3.0</schema_version>
  <name>custom_run_period_range</name>
  <uid>813a33fe-fc8d-43e4-89ee-15fff910386e</uid>
  <version_id>546e3750-374c-48ac-bc16-6b36c767b282</version_id>
  <version_modified>20171206T214657Z</version_modified>
  <xml_checksum>D21D6A93</xml_checksum>
  <class_name>CustomRunPeriodRange</class_name>
  <display_name>CustomRunPeriodRange</display_name>
  <description>Update the workspace with a custom run period range.</description>
  <modeler_description>Remove the RunPeriod object which defaults to 1/1 to 12/31, and replace with RunPeriod:CustomRange object which allows a custom range, e.g. 12/31/2011 to 12/31/2012.</modeler_description>
  <arguments>
    <argument>
      <name>run_start_date</name>
      <display_name>Simulation Start Date</display_name>
      <type>String</type>
      <required>true</required>
      <model_dependent>false</model_dependent>
      <default_value>January 1 2012</default_value>
    </argument>
    <argument>
      <name>run_end_date</name>
      <display_name>Simulation End Date</display_name>
      <type>String</type>
      <required>true</required>
      <model_dependent>false</model_dependent>
      <default_value>December 31 2012</default_value>
    </argument>
  </arguments>
  <outputs/>
  <provenances/>
  <tags>
    <tag>Whole Building.Whole Building Schedules</tag>
  </tags>
  <attributes>
    <attribute>
      <name>Measure Type</name>
      <value>EnergyPlusMeasure</value>
      <datatype>string</datatype>
    </attribute>
  </attributes>
  <files>
    <file>
      <filename>custom_run_period_range_test.rb</filename>
      <filetype>rb</filetype>
      <usage_type>test</usage_type>
      <checksum>B2B4CB11</checksum>
    </file>
    <file>
      <filename>SFD_Successful_EnergyPlus_Run_AMY.osm</filename>
      <filetype>osm</filetype>
      <usage_type>test</usage_type>
      <checksum>784CF382</checksum>
    </file>
    <file>
      <filename>0884454_United_States_IL_Cook_17031_725300_41.97_-87.9_NSRDB_2.0.1_2012_AMY.epw</filename>
      <filetype>epw</filetype>
      <usage_type>test</usage_type>
      <checksum>E7AD9014</checksum>
    </file>
    <file>
      <filename>constants.rb</filename>
      <filetype>rb</filetype>
      <usage_type>resource</usage_type>
      <checksum>B34275B6</checksum>
    </file>
    <file>
      <filename>psychrometrics.rb</filename>
      <filetype>rb</filetype>
      <usage_type>resource</usage_type>
      <checksum>3C131B97</checksum>
    </file>
    <file>
      <filename>unit_conversions.rb</filename>
      <filetype>rb</filetype>
      <usage_type>resource</usage_type>
      <checksum>6BA22437</checksum>
    </file>
    <file>
      <filename>util.rb</filename>
      <filetype>rb</filetype>
      <usage_type>resource</usage_type>
      <checksum>64BC6389</checksum>
    </file>
    <file>
      <filename>weather.rb</filename>
      <filetype>rb</filetype>
      <usage_type>resource</usage_type>
      <checksum>03F09690</checksum>
    </file>
    <file>
      <version>
        <software_program>OpenStudio</software_program>
        <identifier>2.3.0</identifier>
        <min_compatible>2.3.0</min_compatible>
      </version>
      <filename>measure.rb</filename>
      <filetype>rb</filetype>
      <usage_type>script</usage_type>
      <checksum>71B1DB1A</checksum>
    </file>
  </files>
</measure>
