<measure>
  <schema_version>3.0</schema_version>
  <name>create_residential_eaves</name>
  <uid>13c930a5-6afa-4f3a-869a-48514ec7a224</uid>
  <version_id>fbce9c18-830c-4603-8505-57b0fc5fbb31</version_id>
  <version_modified>20171212T162945Z</version_modified>
  <xml_checksum>2AF3A68E</xml_checksum>
  <class_name>CreateResidentialEaves</class_name>
  <display_name>Set Residential Eaves</display_name>
  <description>Sets the eaves for the building. See https://github.com/NREL/OpenStudio-BEopt#workflows for supported workflows using this measure.</description>
  <modeler_description>Performs a series of affine transformations on the roof decks into shading surfaces.</modeler_description>
  <arguments>
    <argument>
      <name>roof_structure</name>
      <display_name>Roof Structure</display_name>
      <description>The roof structure of the building.</description>
      <type>Choice</type>
      <required>true</required>
      <model_dependent>false</model_dependent>
      <default_value>truss, cantilever</default_value>
      <choices>
        <choice>
          <value>truss, cantilever</value>
          <display_name>truss, cantilever</display_name>
        </choice>
        <choice>
          <value>rafter</value>
          <display_name>rafter</display_name>
        </choice>
      </choices>
    </argument>
    <argument>
      <name>eaves_depth</name>
      <display_name>Eaves Depth</display_name>
      <description>The eaves depth of the roof.</description>
      <type>Double</type>
      <units>ft</units>
      <required>true</required>
      <model_dependent>false</model_dependent>
      <default_value>2</default_value>
    </argument>
  </arguments>
  <outputs/>
  <provenances/>
  <tags>
    <tag>Envelope.Form</tag>
  </tags>
  <attributes>
    <attribute>
      <name>Measure Type</name>
      <value>ModelMeasure</value>
      <datatype>string</datatype>
    </attribute>
    <attribute>
      <name>Intended Software Tool</name>
      <value>Apply Measure Now</value>
      <datatype>string</datatype>
    </attribute>
    <attribute>
      <name>Intended Software Tool</name>
      <value>OpenStudio Application</value>
      <datatype>string</datatype>
    </attribute>
    <attribute>
      <name>Intended Software Tool</name>
      <value>Parametric Analysis Tool</value>
      <datatype>string</datatype>
    </attribute>
  </attributes>
  <files>
    <file>
      <filename>USA_CO_Denver_Intl_AP_725650_TMY3.ddy</filename>
      <filetype>ddy</filetype>
      <usage_type>test</usage_type>
      <checksum>FB253570</checksum>
    </file>
    <file>
      <filename>USA_CO_Denver_Intl_AP_725650_TMY3.epw</filename>
      <filetype>epw</filetype>
      <usage_type>test</usage_type>
      <checksum>E23378AA</checksum>
    </file>
    <file>
      <filename>create_residential_eaves_test.rb</filename>
      <filetype>rb</filetype>
      <usage_type>test</usage_type>
      <checksum>DE19C4C8</checksum>
    </file>
    <file>
      <version>
        <software_program>OpenStudio</software_program>
        <identifier>1.9.0</identifier>
        <min_compatible>2.0.4</min_compatible>
      </version>
      <filename>measure.rb</filename>
      <filetype>rb</filetype>
      <usage_type>script</usage_type>
      <checksum>09A2BAF0</checksum>
    </file>
    <file>
      <filename>SFD_2000sqft_2story_SL_FR_Denver_AspectRatioHalf.osm</filename>
      <filetype>osm</filetype>
      <usage_type>test</usage_type>
      <checksum>101C7333</checksum>
    </file>
    <file>
      <filename>SFD_2000sqft_2story_SL_FR_Denver_AspectRatioTwo.osm</filename>
      <filetype>osm</filetype>
      <usage_type>test</usage_type>
      <checksum>514996B5</checksum>
    </file>
    <file>
      <filename>SFD_2000sqft_2story_SL_UA_Denver_GableRoof_AspectRatioHalf.osm</filename>
      <filetype>osm</filetype>
      <usage_type>test</usage_type>
      <checksum>4E548B1E</checksum>
    </file>
    <file>
      <filename>SFD_2000sqft_2story_SL_UA_Denver_GableRoof_AspectRatioTwo.osm</filename>
      <filetype>osm</filetype>
      <usage_type>test</usage_type>
      <checksum>2F6D9B00</checksum>
    </file>
    <file>
      <filename>SFD_2000sqft_2story_SL_UA_Denver_HipRoof_AspectRatioHalf.osm</filename>
      <filetype>osm</filetype>
      <usage_type>test</usage_type>
      <checksum>E57546DE</checksum>
    </file>
    <file>
      <filename>SFD_2000sqft_2story_SL_UA_Denver_HipRoof_AspectRatioTwo.osm</filename>
      <filetype>osm</filetype>
      <usage_type>test</usage_type>
      <checksum>69D0E023</checksum>
    </file>
    <file>
      <filename>SFA_4units_1story_FB_UA_Denver_HipRoof.osm</filename>
      <filetype>osm</filetype>
      <usage_type>test</usage_type>
      <checksum>D39D8B3C</checksum>
    </file>
    <file>
      <filename>SFA_4units_1story_FB_UA_Denver_FlatRoof.osm</filename>
      <filetype>osm</filetype>
      <usage_type>test</usage_type>
      <checksum>85AF336E</checksum>
    </file>
    <file>
      <filename>SFD_2000sqft_2story_SL_GRG_FlatRoof.osm</filename>
      <filetype>osm</filetype>
      <usage_type>test</usage_type>
      <checksum>9125CC57</checksum>
    </file>
    <file>
      <filename>SFD_2000sqft_2story_SL_GRGLeft_FlatRoof.osm</filename>
      <filetype>osm</filetype>
      <usage_type>test</usage_type>
      <checksum>66815002</checksum>
    </file>
    <file>
      <filename>MF_8units_1story_SL_InsetLeft.osm</filename>
      <filetype>osm</filetype>
      <usage_type>test</usage_type>
      <checksum>C82BD411</checksum>
    </file>
    <file>
      <filename>SFD_2000sqft_1story_SL_GRG_FlatRoof.osm</filename>
      <filetype>osm</filetype>
      <usage_type>test</usage_type>
      <checksum>20091511</checksum>
    </file>
    <file>
      <filename>SFD_2000sqft_1story_SL_GRGLeft_FlatRoof.osm</filename>
      <filetype>osm</filetype>
      <usage_type>test</usage_type>
      <checksum>F4B3A1CF</checksum>
    </file>
    <file>
      <filename>SFA_4units_1story_FB_UA_Denver.osm</filename>
      <filetype>osm</filetype>
      <usage_type>test</usage_type>
      <checksum>792B763B</checksum>
    </file>
    <file>
      <filename>SFD_2000sqft_2story_SL_GRGTucked_UA.osm</filename>
      <filetype>osm</filetype>
      <usage_type>test</usage_type>
      <checksum>FC7CC0BC</checksum>
    </file>
    <file>
      <filename>SFD_2000sqft_2story_SL_UA.osm</filename>
      <filetype>osm</filetype>
      <usage_type>test</usage_type>
      <checksum>2C25DA33</checksum>
    </file>
    <file>
      <filename>MF_8units_1story_SL_Inset.osm</filename>
      <filetype>osm</filetype>
      <usage_type>test</usage_type>
      <checksum>C7D9D102</checksum>
    </file>
    <file>
      <filename>SFD_2000sqft_2story_SL_GRG_UA.osm</filename>
      <filetype>osm</filetype>
      <usage_type>test</usage_type>
      <checksum>5E8E0087</checksum>
    </file>
    <file>
      <filename>geometry.rb</filename>
      <filetype>rb</filetype>
      <usage_type>resource</usage_type>
      <checksum>A9382DBC</checksum>
    </file>
    <file>
      <filename>constants.rb</filename>
      <filetype>rb</filetype>
      <usage_type>resource</usage_type>
      <checksum>022C15E2</checksum>
    </file>
    <file>
      <filename>unit_conversions.rb</filename>
      <filetype>rb</filetype>
      <usage_type>resource</usage_type>
      <checksum>31924A51</checksum>
    </file>
  </files>
</measure>
