<measure>
  <schema_version>3.0</schema_version>
  <name>residential_hot_water_heater_tank_fuel</name>
  <uid>0f2214ac-12ca-4350-9942-8d1fb1277608</uid>
  <version_id>35325caa-ad3a-4957-b94e-28f436476b7f</version_id>
  <version_modified>20171215T192521Z</version_modified>
  <xml_checksum>9882CBDB</xml_checksum>
  <class_name>ResidentialHotWaterHeaterTankFuel</class_name>
  <display_name>Set Residential Fuel Tank Water Heater</display_name>
  <description>This measure adds a new residential fuel storage water heater to the model based on user inputs. If there is already an existing residential water heater in the model, it is replaced. For multifamily buildings, the water heater can be set for all units of the building. See https://github.com/NREL/OpenStudio-BEopt#workflows for supported workflows using this measure.</description>
  <modeler_description>The measure will create a new instance of the OS:WaterHeater:Mixed object representing a fuel storage water heater. The water heater will be placed on the plant loop 'Domestic Hot Water Loop'. If this loop already exists, any water heater on that loop will be removed and replaced with a water heater consistent with this measure. If it doesn't exist, it will be created.</modeler_description>
  <arguments>
    <argument>
      <name>fuel_type</name>
      <display_name>Fuel Type</display_name>
      <description>Type of fuel used for water heating.</description>
      <type>Choice</type>
      <required>true</required>
      <model_dependent>false</model_dependent>
      <default_value>gas</default_value>
      <choices>
        <choice>
          <value>gas</value>
          <display_name>gas</display_name>
        </choice>
        <choice>
          <value>oil</value>
          <display_name>oil</display_name>
        </choice>
        <choice>
          <value>propane</value>
          <display_name>propane</display_name>
        </choice>
      </choices>
    </argument>
    <argument>
      <name>tank_volume</name>
      <display_name>Tank Volume</display_name>
      <description>Nominal volume of the of the water heater tank. Set to auto to have volume autosized.</description>
      <type>String</type>
      <units>gal</units>
      <required>true</required>
      <model_dependent>false</model_dependent>
      <default_value>auto</default_value>
    </argument>
    <argument>
      <name>setpoint_temp</name>
      <display_name>Setpoint</display_name>
      <description>Water heater setpoint temperature.</description>
      <type>Double</type>
      <units>F</units>
      <required>true</required>
      <model_dependent>false</model_dependent>
      <default_value>125</default_value>
    </argument>
    <argument>
      <name>location</name>
      <display_name>Location</display_name>
      <description>Thermal zone where the water heater is located. auto will locate the water heater according the BA House Simulation Protocols: A garage (if available) or the living space in hot-dry and hot-humid climates, a basement (finished or unfinished, if available) or living space in all other climates.</description>
      <type>Choice</type>
      <required>true</required>
      <model_dependent>false</model_dependent>
      <default_value>auto</default_value>
      <choices>
        <choice>
          <value>auto</value>
          <display_name>auto</display_name>
        </choice>
      </choices>
    </argument>
    <argument>
      <name>capacity</name>
      <display_name>Input Capacity</display_name>
      <description>The maximum energy input rating of the water heater. Set to auto to have this field autosized.</description>
      <type>String</type>
      <units>kBtu/hr</units>
      <required>true</required>
      <model_dependent>false</model_dependent>
      <default_value>40.0</default_value>
    </argument>
    <argument>
      <name>energy_factor</name>
      <display_name>Rated Energy Factor</display_name>
      <description>For water heaters, Energy Factor is the ratio of useful energy output from the water heater to the total amount of energy delivered from the water heater. The higher the EF is, the more efficient the water heater. Procedures to test the EF of water heaters are defined by the Department of Energy in 10 Code of Federal Regulation Part 430, Appendix E to Subpart B. Enter auto for a water heater that meets the minimum federal efficiency requirements.</description>
      <type>String</type>
      <required>true</required>
      <model_dependent>false</model_dependent>
      <default_value>0.59</default_value>
    </argument>
    <argument>
      <name>recovery_efficiency</name>
      <display_name>Recovery Efficiency</display_name>
      <description>For water heaters, the recovery efficiency is the ratio of energy delivered to the water to the energy content of the fuel consumed by the water heater. Test procedures to test recovery efficiency are defined by the Department of Energy in 10 Code of Federal Regulations Part 430, Appendix E to Subpart B. This information can often be found in the AHRI Certification Directory or on the EnergyStar website.</description>
      <type>Double</type>
      <units>Frac</units>
      <required>true</required>
      <model_dependent>false</model_dependent>
      <default_value>0.76</default_value>
    </argument>
    <argument>
      <name>offcyc_power</name>
      <display_name>Parasitic Electric Power</display_name>
      <description>Off cycle electric power draw for controls, etc.</description>
      <type>Double</type>
      <units>W</units>
      <required>true</required>
      <model_dependent>false</model_dependent>
      <default_value>0</default_value>
    </argument>
    <argument>
      <name>oncyc_power</name>
      <display_name>Forced Draft Fan Power</display_name>
      <description>On cycle electric power draw from the forced draft fan motor.</description>
      <type>Double</type>
      <units>W</units>
      <required>true</required>
      <model_dependent>false</model_dependent>
      <default_value>0</default_value>
    </argument>
  </arguments>
  <outputs/>
  <provenances/>
  <tags>
    <tag>Service Water Heating.Water Heating</tag>
  </tags>
  <attributes>
    <attribute>
      <name>Measure Type</name>
      <value>ModelMeasure</value>
      <datatype>string</datatype>
    </attribute>
    <attribute>
      <name>Uses SketchUp API</name>
      <value>false</value>
      <datatype>boolean</datatype>
    </attribute>
  </attributes>
  <files>
    <file>
      <filename>USA_CO_Denver_Intl_AP_725650_TMY3.ddy</filename>
      <filetype>ddy</filetype>
      <usage_type>test</usage_type>
      <checksum>FB253570</checksum>
    </file>
    <file>
      <filename>USA_CO_Denver_Intl_AP_725650_TMY3.epw</filename>
      <filetype>epw</filetype>
      <usage_type>test</usage_type>
      <checksum>E23378AA</checksum>
    </file>
    <file>
      <filename>MinuteDrawProfilesMaxFlows.csv</filename>
      <filetype>csv</filetype>
      <usage_type>resource</usage_type>
      <checksum>5CD21305</checksum>
    </file>
    <file>
      <filename>psychrometrics.rb</filename>
      <filetype>rb</filetype>
      <usage_type>resource</usage_type>
      <checksum>11E27E42</checksum>
    </file>
    <file>
      <filename>unit_conversions.rb</filename>
      <filetype>rb</filetype>
      <usage_type>resource</usage_type>
      <checksum>31924A51</checksum>
    </file>
    <file>
      <filename>util.rb</filename>
      <filetype>rb</filetype>
      <usage_type>resource</usage_type>
      <checksum>BE5BF810</checksum>
    </file>
    <file>
      <filename>SFD_2000sqft_2story_FB_GRG_UA_1Beds_1Baths_Denver.osm</filename>
      <filetype>osm</filetype>
      <usage_type>test</usage_type>
      <checksum>57D0DA7A</checksum>
    </file>
    <file>
      <filename>SFD_2000sqft_2story_FB_GRG_UA_2Beds_1Baths_Denver.osm</filename>
      <filetype>osm</filetype>
      <usage_type>test</usage_type>
      <checksum>A66E4CB0</checksum>
    </file>
    <file>
      <filename>SFD_2000sqft_2story_FB_GRG_UA_2Beds_2Baths_Denver.osm</filename>
      <filetype>osm</filetype>
      <usage_type>test</usage_type>
      <checksum>54369F28</checksum>
    </file>
    <file>
      <filename>SFD_2000sqft_2story_FB_GRG_UA_3Beds_2Baths.osm</filename>
      <filetype>osm</filetype>
      <usage_type>test</usage_type>
      <checksum>AF2537C3</checksum>
    </file>
    <file>
      <filename>SFD_2000sqft_2story_FB_GRG_UA_3Beds_2Baths_Denver_GasWHTankless.osm</filename>
      <filetype>osm</filetype>
      <usage_type>test</usage_type>
      <checksum>AD257947</checksum>
    </file>
    <file>
      <filename>SFD_2000sqft_2story_FB_GRG_UA_3Beds_2Baths_Denver_PropaneWHTankless.osm</filename>
      <filetype>osm</filetype>
      <usage_type>test</usage_type>
      <checksum>3FB3D4AB</checksum>
    </file>
    <file>
      <filename>SFD_2000sqft_2story_FB_GRG_UA_5Beds_3Baths_Denver.osm</filename>
      <filetype>osm</filetype>
      <usage_type>test</usage_type>
      <checksum>C9951380</checksum>
    </file>
    <file>
      <filename>SFD_2000sqft_2story_FB_GRG_UA_Denver.osm</filename>
      <filetype>osm</filetype>
      <usage_type>test</usage_type>
      <checksum>9260C2F4</checksum>
    </file>
    <file>
      <filename>MF_8units_1story_SL_3Beds_2Baths_Denver.osm</filename>
      <filetype>osm</filetype>
      <usage_type>test</usage_type>
      <checksum>DAC3490B</checksum>
    </file>
    <file>
      <filename>SFA_4units_1story_FB_UA_3Beds_2Baths_Denver.osm</filename>
      <filetype>osm</filetype>
      <usage_type>test</usage_type>
      <checksum>28EB07A1</checksum>
    </file>
    <file>
      <filename>SFD_2000sqft_2story_FB_GRG_UA_3Beds_2Baths_Denver.osm</filename>
      <filetype>osm</filetype>
      <usage_type>test</usage_type>
      <checksum>239DBF88</checksum>
    </file>
    <file>
      <filename>SFD_2000sqft_2story_FB_GRG_UA_3Beds_2Baths_Denver_ElecWHTank.osm</filename>
      <filetype>osm</filetype>
      <usage_type>test</usage_type>
      <checksum>858B867E</checksum>
    </file>
    <file>
      <filename>SFD_2000sqft_2story_FB_GRG_UA_3Beds_2Baths_Denver_ElecWHTankless.osm</filename>
      <filetype>osm</filetype>
      <usage_type>test</usage_type>
      <checksum>6B1FD88A</checksum>
    </file>
    <file>
      <filename>SFD_2000sqft_2story_FB_GRG_UA_3Beds_2Baths_Denver_HPWH.osm</filename>
      <filetype>osm</filetype>
      <usage_type>test</usage_type>
      <checksum>42DE4C52</checksum>
    </file>
    <file>
      <filename>ResidentialWaterHeaterTankFuel_Test.rb</filename>
      <filetype>rb</filetype>
      <usage_type>test</usage_type>
      <checksum>257A5BCD</checksum>
    </file>
    <file>
      <filename>SFD_2000sqft_2story_FB_GRG_UA_3Beds_2Baths_Denver_ElecWHTank_SHW.osm</filename>
      <filetype>osm</filetype>
      <usage_type>test</usage_type>
      <checksum>B83E761C</checksum>
    </file>
    <file>
      <filename>SFD_2000sqft_2story_FB_GRG_UA_3Beds_2Baths_Denver_ElecWHTankless_SHW.osm</filename>
      <filetype>osm</filetype>
      <usage_type>test</usage_type>
      <checksum>754E16F4</checksum>
    </file>
    <file>
      <filename>SFD_2000sqft_2story_FB_GRG_UA_3Beds_2Baths_Denver_HPWH_SHW.osm</filename>
      <filetype>osm</filetype>
      <usage_type>test</usage_type>
      <checksum>DD81F8F0</checksum>
    </file>
    <file>
      <filename>waterheater.rb</filename>
      <filetype>rb</filetype>
      <usage_type>resource</usage_type>
      <checksum>A9CCB075</checksum>
    </file>
    <file>
      <filename>geometry.rb</filename>
      <filetype>rb</filetype>
      <usage_type>resource</usage_type>
      <checksum>A9382DBC</checksum>
    </file>
    <file>
      <version>
        <software_program>OpenStudio</software_program>
        <identifier>1.4.1</identifier>
        <min_compatible>2.0.4</min_compatible>
      </version>
      <filename>measure.rb</filename>
      <filetype>rb</filetype>
      <usage_type>script</usage_type>
      <checksum>37818B25</checksum>
    </file>
    <file>
      <filename>constants.rb</filename>
      <filetype>rb</filetype>
      <usage_type>resource</usage_type>
      <checksum>022C15E2</checksum>
    </file>
    <file>
      <filename>weather.rb</filename>
      <filetype>rb</filetype>
      <usage_type>resource</usage_type>
      <checksum>82988A63</checksum>
    </file>
    <file>
      <filename>schedules.rb</filename>
      <filetype>rb</filetype>
      <usage_type>resource</usage_type>
      <checksum>7826E992</checksum>
    </file>
  </files>
</measure>
