<measure>
  <schema_version>3.0</schema_version>
  <name>create_residential_overhangs</name>
  <uid>0821dae4-c0b6-4295-a7a5-ccaf9407dc77</uid>
  <version_id>64d3b01e-722b-468f-8d00-9244abdcbe22</version_id>
  <version_modified>20171212T162946Z</version_modified>
  <xml_checksum>9C8A26EB</xml_checksum>
  <class_name>CreateResidentialOverhangs</class_name>
  <display_name>Set Residential Overhangs</display_name>
  <description>Sets presence/dimensions of overhangs for windows on the specified building facade(s). See https://github.com/NREL/OpenStudio-BEopt#workflows for supported workflows using this measure.</description>
  <modeler_description>Creates overhang shading surfaces for windows on the specified building facade(s) and specified depth/offset. Any existing overhang shading surfaces are removed.</modeler_description>
  <arguments>
    <argument>
      <name>sub_surface</name>
      <display_name>Sub Surface(s)</display_name>
      <description>Select the sub surface(s) to assign overhangs.</description>
      <type>Choice</type>
      <required>false</required>
      <model_dependent>false</model_dependent>
      <default_value>auto</default_value>
      <choices>
        <choice>
          <value>auto</value>
          <display_name>auto</display_name>
        </choice>
      </choices>
    </argument>
    <argument>
      <name>depth</name>
      <display_name>Depth</display_name>
      <description>Depth of the overhang. The distance from the wall surface in the direction normal to the wall surface.</description>
      <type>Double</type>
      <units>ft</units>
      <required>true</required>
      <model_dependent>false</model_dependent>
      <default_value>2</default_value>
    </argument>
    <argument>
      <name>offset</name>
      <display_name>Offset</display_name>
      <description>Height of the overhangs above windows, relative to the top of the window framing.</description>
      <type>Double</type>
      <units>ft</units>
      <required>true</required>
      <model_dependent>false</model_dependent>
      <default_value>0.5</default_value>
    </argument>
    <argument>
      <name>front_facade</name>
      <display_name>Front Facade</display_name>
      <description>Specifies the presence of overhangs for windows on the front facade.</description>
      <type>Boolean</type>
      <required>true</required>
      <model_dependent>false</model_dependent>
      <default_value>true</default_value>
      <choices>
        <choice>
          <value>true</value>
          <display_name>true</display_name>
        </choice>
        <choice>
          <value>false</value>
          <display_name>false</display_name>
        </choice>
      </choices>
    </argument>
    <argument>
      <name>back_facade</name>
      <display_name>Back Facade</display_name>
      <description>Specifies the presence of overhangs for windows on the back facade.</description>
      <type>Boolean</type>
      <required>true</required>
      <model_dependent>false</model_dependent>
      <default_value>true</default_value>
      <choices>
        <choice>
          <value>true</value>
          <display_name>true</display_name>
        </choice>
        <choice>
          <value>false</value>
          <display_name>false</display_name>
        </choice>
      </choices>
    </argument>
    <argument>
      <name>left_facade</name>
      <display_name>Left Facade</display_name>
      <description>Specifies the presence of overhangs for windows on the left facade.</description>
      <type>Boolean</type>
      <required>true</required>
      <model_dependent>false</model_dependent>
      <default_value>true</default_value>
      <choices>
        <choice>
          <value>true</value>
          <display_name>true</display_name>
        </choice>
        <choice>
          <value>false</value>
          <display_name>false</display_name>
        </choice>
      </choices>
    </argument>
    <argument>
      <name>right_facade</name>
      <display_name>Right Facade</display_name>
      <description>Specifies the presence of overhangs for windows on the right facade.</description>
      <type>Boolean</type>
      <required>true</required>
      <model_dependent>false</model_dependent>
      <default_value>true</default_value>
      <choices>
        <choice>
          <value>true</value>
          <display_name>true</display_name>
        </choice>
        <choice>
          <value>false</value>
          <display_name>false</display_name>
        </choice>
      </choices>
    </argument>
  </arguments>
  <outputs/>
  <provenances/>
  <tags>
    <tag>Envelope.Fenestration</tag>
  </tags>
  <attributes>
    <attribute>
      <name>Measure Type</name>
      <value>ModelMeasure</value>
      <datatype>string</datatype>
    </attribute>
    <attribute>
      <name>Intended Software Tool</name>
      <value>Apply Measure Now</value>
      <datatype>string</datatype>
    </attribute>
    <attribute>
      <name>Intended Software Tool</name>
      <value>OpenStudio Application</value>
      <datatype>string</datatype>
    </attribute>
    <attribute>
      <name>Intended Software Tool</name>
      <value>Parametric Analysis Tool</value>
      <datatype>string</datatype>
    </attribute>
  </attributes>
  <files>
    <file>
      <filename>create_residential_overhangs.rb</filename>
      <filetype>rb</filetype>
      <usage_type>test</usage_type>
      <checksum>A4558D06</checksum>
    </file>
    <file>
      <version>
        <software_program>OpenStudio</software_program>
        <identifier>1.9.0</identifier>
        <min_compatible>2.0.4</min_compatible>
      </version>
      <filename>measure.rb</filename>
      <filetype>rb</filetype>
      <usage_type>script</usage_type>
      <checksum>7E96F5A7</checksum>
    </file>
    <file>
      <filename>SFD_2000sqft_2story_SL_UA_Windows.osm</filename>
      <filetype>osm</filetype>
      <usage_type>test</usage_type>
      <checksum>88476904</checksum>
    </file>
    <file>
      <filename>MF_8units_1story_SL_Inset_Windows.osm</filename>
      <filetype>osm</filetype>
      <usage_type>test</usage_type>
      <checksum>BDBF3323</checksum>
    </file>
    <file>
      <filename>SFA_4units_1story_SL_UA_Offset_Windows.osm</filename>
      <filetype>osm</filetype>
      <usage_type>test</usage_type>
      <checksum>C84A528B</checksum>
    </file>
    <file>
      <filename>MF_8units_1story_SL_Windows.osm</filename>
      <filetype>osm</filetype>
      <usage_type>test</usage_type>
      <checksum>9D5DA32A</checksum>
    </file>
    <file>
      <filename>SFA_4units_1story_SL_UA_Windows.osm</filename>
      <filetype>osm</filetype>
      <usage_type>test</usage_type>
      <checksum>82B3FA69</checksum>
    </file>
    <file>
      <filename>SFD_2000sqft_2story_SL_UA.osm</filename>
      <filetype>osm</filetype>
      <usage_type>test</usage_type>
      <checksum>2C25DA33</checksum>
    </file>
    <file>
      <filename>geometry.rb</filename>
      <filetype>rb</filetype>
      <usage_type>resource</usage_type>
      <checksum>A9382DBC</checksum>
    </file>
    <file>
      <filename>constants.rb</filename>
      <filetype>rb</filetype>
      <usage_type>resource</usage_type>
      <checksum>022C15E2</checksum>
    </file>
    <file>
      <filename>unit_conversions.rb</filename>
      <filetype>rb</filetype>
      <usage_type>resource</usage_type>
      <checksum>31924A51</checksum>
    </file>
  </files>
</measure>
