<measure>
  <schema_version>3.0</schema_version>
  <name>process_constructions_foundations_floors_covering</name>
  <uid>c0a10f27-c095-4b45-91f8-faee094a1d42</uid>
  <version_id>63087cea-7fc6-4fc0-94e1-b6697a31ccca</version_id>
  <version_modified>20171212T162944Z</version_modified>
  <xml_checksum>5091078B</xml_checksum>
  <class_name>ProcessConstructionsFoundationsFloorsCovering</class_name>
  <display_name>Set Residential Foundations/Floors - Floor Covering</display_name>
  <description>This measure assigns a covering to floors of above-grade finished spaces. See https://github.com/NREL/OpenStudio-BEopt#workflows for supported workflows using this measure.</description>
  <modeler_description>Assigns material layer properties for floors of above-grade finished spaces.</modeler_description>
  <arguments>
    <argument>
      <name>surface</name>
      <display_name>Surface(s)</display_name>
      <description>Select the surface(s) to assign constructions.</description>
      <type>Choice</type>
      <required>false</required>
      <model_dependent>false</model_dependent>
      <default_value>auto</default_value>
      <choices>
        <choice>
          <value>auto</value>
          <display_name>auto</display_name>
        </choice>
      </choices>
    </argument>
    <argument>
      <name>covering_frac</name>
      <display_name>Floor Covering Fraction</display_name>
      <description>Fraction of floors that are covered.</description>
      <type>Double</type>
      <required>true</required>
      <model_dependent>false</model_dependent>
      <default_value>0.8</default_value>
    </argument>
    <argument>
      <name>covering_r</name>
      <display_name>Covering R-value</display_name>
      <description>The total R-value of the covering.</description>
      <type>Double</type>
      <units>h-ft^2-R/Btu</units>
      <required>true</required>
      <model_dependent>false</model_dependent>
      <default_value>2.08</default_value>
    </argument>
  </arguments>
  <outputs/>
  <provenances/>
  <tags>
    <tag>Envelope.Opaque</tag>
  </tags>
  <attributes>
    <attribute>
      <name>Uses SketchUp API</name>
      <value>false</value>
      <datatype>boolean</datatype>
    </attribute>
    <attribute>
      <name>Measure Type</name>
      <value>ModelMeasure</value>
      <datatype>string</datatype>
    </attribute>
  </attributes>
  <files>
    <file>
      <filename>FloorsCovering_Test.rb</filename>
      <filetype>rb</filetype>
      <usage_type>test</usage_type>
      <checksum>D21E5672</checksum>
    </file>
    <file>
      <filename>util.rb</filename>
      <filetype>rb</filetype>
      <usage_type>resource</usage_type>
      <checksum>BE5BF810</checksum>
    </file>
    <file>
      <version>
        <software_program>OpenStudio</software_program>
        <identifier>1.4.0</identifier>
        <min_compatible>2.0.4</min_compatible>
      </version>
      <filename>measure.rb</filename>
      <filetype>rb</filetype>
      <usage_type>script</usage_type>
      <checksum>3F3030A5</checksum>
    </file>
    <file>
      <filename>SFD_2000sqft_2story_SL_UA.osm</filename>
      <filetype>osm</filetype>
      <usage_type>test</usage_type>
      <checksum>2C25DA33</checksum>
    </file>
    <file>
      <filename>geometry.rb</filename>
      <filetype>rb</filetype>
      <usage_type>resource</usage_type>
      <checksum>A9382DBC</checksum>
    </file>
    <file>
      <filename>constants.rb</filename>
      <filetype>rb</filetype>
      <usage_type>resource</usage_type>
      <checksum>022C15E2</checksum>
    </file>
    <file>
      <filename>unit_conversions.rb</filename>
      <filetype>rb</filetype>
      <usage_type>resource</usage_type>
      <checksum>31924A51</checksum>
    </file>
  </files>
</measure>
