<measure>
  <schema_version>3.0</schema_version>
  <name>server_directory_cleanup</name>
  <uid>ec7d04ad-0b7b-495b-825a-e1b6d28d1d3f</uid>
  <version_id>9d0335bf-8823-468f-971e-3a53fe35248d</version_id>
  <version_modified>20171215T033256Z</version_modified>
  <xml_checksum>5F1EDF75</xml_checksum>
  <class_name>ServerDirectoryCleanup</class_name>
  <display_name>Server Directory Cleanup</display_name>
  <description>Removes a significant portion of the saved results from each run, helping to alleviate memory problems.</description>
  <modeler_description>Use during large server runs, when individual sequel files and the like will not be needed.</modeler_description>
  <arguments/>
  <outputs/>
  <provenances/>
  <tags>
    <tag>Calibration</tag>
  </tags>
  <attributes>
    <attribute>
      <name>Measure Type</name>
      <value>ReportingMeasure</value>
      <datatype>string</datatype>
    </attribute>
    <attribute>
      <name>Uses SketchUp API</name>
      <value>false</value>
      <datatype>boolean</datatype>
    </attribute>
  </attributes>
  <files>
    <file>
      <version>
        <software_program>OpenStudio</software_program>
        <identifier>1.11.5</identifier>
        <min_compatible>1.11.5</min_compatible>
      </version>
      <filename>measure.rb</filename>
      <filetype>rb</filetype>
      <usage_type>script</usage_type>
      <checksum>C5C4DF43</checksum>
    </file>
  </files>
</measure>
