<measure>
  <schema_version>3.0</schema_version>
  <name>process_constructions_windows</name>
  <uid>648dc42f-f079-4d97-913e-6dc3e19560b1</uid>
  <version_id>4b0ede40-a6d8-475e-bac8-b330fdcfb11a</version_id>
  <version_modified>20171215T192520Z</version_modified>
  <xml_checksum>6FAFA9DE</xml_checksum>
  <class_name>ProcessConstructionsWindows</class_name>
  <display_name>Set Residential Window Construction</display_name>
  <description>This measure assigns a construction to windows. This measure also creates the interior shading schedule, which is based on shade multipliers and the heating and cooling season logic defined in the Building America House Simulation Protocols. See https://github.com/NREL/OpenStudio-BEopt#workflows for supported workflows using this measure.</description>
  <modeler_description>Calculates material layer properties of constructions for windows. Finds sub surfaces and sets applicable constructions. Using interior heating and cooling shading multipliers and the Building America heating and cooling season logic, creates schedule rulesets for window shade and shading control.</modeler_description>
  <arguments>
    <argument>
      <name>sub_surface</name>
      <display_name>Subsurface(s)</display_name>
      <description>Select the sub surface(s) to assign constructions.</description>
      <type>Choice</type>
      <required>false</required>
      <model_dependent>false</model_dependent>
      <default_value>auto</default_value>
      <choices>
        <choice>
          <value>auto</value>
          <display_name>auto</display_name>
        </choice>
        <choice>
          <value>front</value>
          <display_name>front</display_name>
        </choice>
        <choice>
          <value>back</value>
          <display_name>back</display_name>
        </choice>
        <choice>
          <value>left</value>
          <display_name>left</display_name>
        </choice>
        <choice>
          <value>right</value>
          <display_name>right</display_name>
        </choice>
      </choices>
    </argument>
    <argument>
      <name>ufactor</name>
      <display_name>U-Factor</display_name>
      <description>The heat transfer coefficient of the windows.</description>
      <type>Double</type>
      <units>Btu/hr-ft^2-R</units>
      <required>true</required>
      <model_dependent>false</model_dependent>
      <default_value>0.37</default_value>
    </argument>
    <argument>
      <name>shgc</name>
      <display_name>SHGC</display_name>
      <description>The ratio of solar heat gain through a glazing system compared to that of an unobstructed opening, for windows.</description>
      <type>Double</type>
      <required>true</required>
      <model_dependent>false</model_dependent>
      <default_value>0.3</default_value>
    </argument>
    <argument>
      <name>heating_shade_mult</name>
      <display_name>Heating Shade Multiplier</display_name>
      <description>Interior shading multiplier for heating season. 1.0 indicates no reduction in solar gain, 0.85 indicates 15% reduction, etc.</description>
      <type>Double</type>
      <required>true</required>
      <model_dependent>false</model_dependent>
      <default_value>0.7</default_value>
    </argument>
    <argument>
      <name>cooling_shade_mult</name>
      <display_name>Cooling Shade Multiplier</display_name>
      <description>Interior shading multiplier for cooling season. 1.0 indicates no reduction in solar gain, 0.85 indicates 15% reduction, etc.</description>
      <type>Double</type>
      <required>true</required>
      <model_dependent>false</model_dependent>
      <default_value>0.7</default_value>
    </argument>
  </arguments>
  <outputs/>
  <provenances/>
  <tags>
    <tag>Envelope.Fenestration</tag>
  </tags>
  <attributes>
    <attribute>
      <name>Measure Type</name>
      <value>ModelMeasure</value>
      <datatype>string</datatype>
    </attribute>
    <attribute>
      <name>Uses SketchUp API</name>
      <value>false</value>
      <datatype>boolean</datatype>
    </attribute>
  </attributes>
  <files>
    <file>
      <filename>USA_CO_Denver_Intl_AP_725650_TMY3.ddy</filename>
      <filetype>ddy</filetype>
      <usage_type>test</usage_type>
      <checksum>FB253570</checksum>
    </file>
    <file>
      <filename>USA_CO_Denver_Intl_AP_725650_TMY3.epw</filename>
      <filetype>epw</filetype>
      <usage_type>test</usage_type>
      <checksum>E23378AA</checksum>
    </file>
    <file>
      <filename>psychrometrics.rb</filename>
      <filetype>rb</filetype>
      <usage_type>resource</usage_type>
      <checksum>11E27E42</checksum>
    </file>
    <file>
      <filename>unit_conversions.rb</filename>
      <filetype>rb</filetype>
      <usage_type>resource</usage_type>
      <checksum>31924A51</checksum>
    </file>
    <file>
      <filename>process_constructions_windows_test.rb</filename>
      <filetype>rb</filetype>
      <usage_type>test</usage_type>
      <checksum>70A372F8</checksum>
    </file>
    <file>
      <filename>util.rb</filename>
      <filetype>rb</filetype>
      <usage_type>resource</usage_type>
      <checksum>BE5BF810</checksum>
    </file>
    <file>
      <version>
        <software_program>OpenStudio</software_program>
        <identifier>1.4.0</identifier>
        <min_compatible>2.0.4</min_compatible>
      </version>
      <filename>measure.rb</filename>
      <filetype>rb</filetype>
      <usage_type>script</usage_type>
      <checksum>061AB870</checksum>
    </file>
    <file>
      <filename>SFD_2000sqft_2story_SL_UA_Denver_Windows.osm</filename>
      <filetype>osm</filetype>
      <usage_type>test</usage_type>
      <checksum>91414AF5</checksum>
    </file>
    <file>
      <filename>SFD_2000sqft_2story_SL_UA_Windows.osm</filename>
      <filetype>osm</filetype>
      <usage_type>test</usage_type>
      <checksum>88476904</checksum>
    </file>
    <file>
      <filename>SFD_2000sqft_2story_SL_UA_Denver.osm</filename>
      <filetype>osm</filetype>
      <usage_type>test</usage_type>
      <checksum>92BE5D1D</checksum>
    </file>
    <file>
      <filename>geometry.rb</filename>
      <filetype>rb</filetype>
      <usage_type>resource</usage_type>
      <checksum>A9382DBC</checksum>
    </file>
    <file>
      <filename>hvac.rb</filename>
      <filetype>rb</filetype>
      <usage_type>resource</usage_type>
      <checksum>3A9A4850</checksum>
    </file>
    <file>
      <filename>constants.rb</filename>
      <filetype>rb</filetype>
      <usage_type>resource</usage_type>
      <checksum>022C15E2</checksum>
    </file>
    <file>
      <filename>weather.rb</filename>
      <filetype>rb</filetype>
      <usage_type>resource</usage_type>
      <checksum>82988A63</checksum>
    </file>
    <file>
      <filename>schedules.rb</filename>
      <filetype>rb</filetype>
      <usage_type>resource</usage_type>
      <checksum>7826E992</checksum>
    </file>
  </files>
</measure>
