<measure>
  <schema_version>3.0</schema_version>
  <name>process_constructions_foundations_floors_basement_unfinished</name>
  <uid>ebc21070-2d4b-4a2a-bd15-f18bf3e77b49</uid>
  <version_id>7432c05e-b5ed-4364-a67c-f5b4bed6be93</version_id>
  <version_modified>20171212T162944Z</version_modified>
  <xml_checksum>1E963D9C</xml_checksum>
  <class_name>ProcessConstructionsFoundationsFloorsBasementUnfinished</class_name>
  <display_name>Set Residential Foundations/Floors - Unfinished Basement Constructions</display_name>
  <description>This measure assigns constructions to the unfinished basement ceilings, walls, and floors. See https://github.com/NREL/OpenStudio-BEopt#workflows for supported workflows using this measure.</description>
  <modeler_description>Calculates and assigns material layer properties of constructions for: 1) ceilings above below-grade unfinished space, 2) walls between below-grade unfinished space and ground, and 3) floors below below-grade unfinished space. Below-grade spaces are assumed to be basements (and not crawlspaces) if the space height is greater than or equal to 7 ft.</modeler_description>
  <arguments>
    <argument>
      <name>surface</name>
      <display_name>Surface(s)</display_name>
      <description>Select the surface(s) to assign constructions.</description>
      <type>Choice</type>
      <required>false</required>
      <model_dependent>false</model_dependent>
      <default_value>auto</default_value>
      <choices>
        <choice>
          <value>auto</value>
          <display_name>auto</display_name>
        </choice>
      </choices>
    </argument>
    <argument>
      <name>wall_ins_height</name>
      <display_name>Wall Insulation Height</display_name>
      <description>Height of the insulation on the basement wall.</description>
      <type>Double</type>
      <units>ft</units>
      <required>true</required>
      <model_dependent>false</model_dependent>
      <default_value>8</default_value>
    </argument>
    <argument>
      <name>wall_cavity_r</name>
      <display_name>Wall Cavity Insulation Installed R-value</display_name>
      <description>Refers to the R-value of the cavity insulation as installed and not the overall R-value of the assembly. If batt insulation must be compressed to fit within the cavity (e.g. R19 in a 5.5" 2x6 cavity), use an R-value that accounts for this effect (see HUD Mobile Home Construction and Safety Standards 3280.509 for reference).</description>
      <type>Double</type>
      <units>h-ft^2-R/Btu</units>
      <required>true</required>
      <model_dependent>false</model_dependent>
      <default_value>0</default_value>
    </argument>
    <argument>
      <name>wall_cavity_grade</name>
      <display_name>Wall Cavity Install Grade</display_name>
      <description>Installation grade as defined by RESNET standard. 5% of the cavity is considered missing insulation for Grade 3, 2% for Grade 2, and 0% for Grade 1.</description>
      <type>Choice</type>
      <required>true</required>
      <model_dependent>false</model_dependent>
      <default_value>I</default_value>
      <choices>
        <choice>
          <value>I</value>
          <display_name>I</display_name>
        </choice>
        <choice>
          <value>II</value>
          <display_name>II</display_name>
        </choice>
        <choice>
          <value>III</value>
          <display_name>III</display_name>
        </choice>
      </choices>
    </argument>
    <argument>
      <name>wall_cavity_depth</name>
      <display_name>Wall Cavity Depth</display_name>
      <description>Depth of the stud cavity. 3.5" for 2x4s, 5.5" for 2x6s, etc.</description>
      <type>Double</type>
      <units>in</units>
      <required>true</required>
      <model_dependent>false</model_dependent>
      <default_value>0</default_value>
    </argument>
    <argument>
      <name>wall_cavity_insfills</name>
      <display_name>Wall Insulation Fills Cavity</display_name>
      <description>When the insulation does not completely fill the depth of the cavity, air film resistances are added to the insulation R-value.</description>
      <type>Boolean</type>
      <required>true</required>
      <model_dependent>false</model_dependent>
      <default_value>false</default_value>
      <choices>
        <choice>
          <value>true</value>
          <display_name>true</display_name>
        </choice>
        <choice>
          <value>false</value>
          <display_name>false</display_name>
        </choice>
      </choices>
    </argument>
    <argument>
      <name>wall_ff</name>
      <display_name>Wall Framing Factor</display_name>
      <description>The fraction of a basement wall assembly that is comprised of structural framing.</description>
      <type>Double</type>
      <units>frac</units>
      <required>true</required>
      <model_dependent>false</model_dependent>
      <default_value>0</default_value>
    </argument>
    <argument>
      <name>wall_rigid_r</name>
      <display_name>Wall Continuous Insulation Nominal R-value</display_name>
      <description>The R-value of the continuous insulation.</description>
      <type>Double</type>
      <units>hr-ft^2-R/Btu</units>
      <required>true</required>
      <model_dependent>false</model_dependent>
      <default_value>10</default_value>
    </argument>
    <argument>
      <name>wall_rigid_thick_in</name>
      <display_name>Wall Continuous Insulation Thickness</display_name>
      <description>The thickness of the continuous insulation.</description>
      <type>Double</type>
      <units>in</units>
      <required>true</required>
      <model_dependent>false</model_dependent>
      <default_value>2</default_value>
    </argument>
    <argument>
      <name>ceil_cavity_r</name>
      <display_name>Ceiling Cavity Insulation Nominal R-value</display_name>
      <description>Refers to the R-value of the cavity insulation and not the overall R-value of the assembly.</description>
      <type>Double</type>
      <units>h-ft^2-R/Btu</units>
      <required>true</required>
      <model_dependent>false</model_dependent>
      <default_value>0</default_value>
    </argument>
    <argument>
      <name>ceil_cavity_grade</name>
      <display_name>Ceiling Cavity Install Grade</display_name>
      <description>Installation grade as defined by RESNET standard. 5% of the cavity is considered missing insulation for Grade 3, 2% for Grade 2, and 0% for Grade 1.</description>
      <type>Choice</type>
      <required>true</required>
      <model_dependent>false</model_dependent>
      <default_value>I</default_value>
      <choices>
        <choice>
          <value>I</value>
          <display_name>I</display_name>
        </choice>
        <choice>
          <value>II</value>
          <display_name>II</display_name>
        </choice>
        <choice>
          <value>III</value>
          <display_name>III</display_name>
        </choice>
      </choices>
    </argument>
    <argument>
      <name>ceil_ff</name>
      <display_name>Ceiling Framing Factor</display_name>
      <description>Fraction of ceiling that is framing.</description>
      <type>Double</type>
      <units>frac</units>
      <required>true</required>
      <model_dependent>false</model_dependent>
      <default_value>0.13</default_value>
    </argument>
    <argument>
      <name>ceil_joist_height</name>
      <display_name>Ceiling Joist Height</display_name>
      <description>Height of the joist member.</description>
      <type>Double</type>
      <units>in</units>
      <required>true</required>
      <model_dependent>false</model_dependent>
      <default_value>9.25</default_value>
    </argument>
    <argument>
      <name>exposed_perim</name>
      <display_name>Exposed Perimeter</display_name>
      <description>Total length of the basement's perimeter that is on the exterior of the building's footprint.</description>
      <type>String</type>
      <units>ft</units>
      <required>true</required>
      <model_dependent>false</model_dependent>
      <default_value>auto</default_value>
    </argument>
  </arguments>
  <outputs/>
  <provenances/>
  <tags>
    <tag>Envelope.Opaque</tag>
  </tags>
  <attributes>
    <attribute>
      <name>Measure Type</name>
      <value>ModelMeasure</value>
      <datatype>string</datatype>
    </attribute>
    <attribute>
      <name>Uses SketchUp API</name>
      <value>false</value>
      <datatype>boolean</datatype>
    </attribute>
  </attributes>
  <files>
    <file>
      <filename>UnfinishedBasement_Test.rb</filename>
      <filetype>rb</filetype>
      <usage_type>test</usage_type>
      <checksum>28E6E53B</checksum>
    </file>
    <file>
      <filename>util.rb</filename>
      <filetype>rb</filetype>
      <usage_type>resource</usage_type>
      <checksum>BE5BF810</checksum>
    </file>
    <file>
      <version>
        <software_program>OpenStudio</software_program>
        <identifier>1.3.0</identifier>
        <min_compatible>2.0.4</min_compatible>
      </version>
      <filename>measure.rb</filename>
      <filetype>rb</filetype>
      <usage_type>script</usage_type>
      <checksum>4D39B4A1</checksum>
    </file>
    <file>
      <filename>SFD_2000sqft_2story_CS_GRG_UA.osm</filename>
      <filetype>osm</filetype>
      <usage_type>test</usage_type>
      <checksum>4AD99BD8</checksum>
    </file>
    <file>
      <filename>SFD_2000sqft_2story_CS_UA.osm</filename>
      <filetype>osm</filetype>
      <usage_type>test</usage_type>
      <checksum>77FDBA2B</checksum>
    </file>
    <file>
      <filename>SFD_2000sqft_2story_FB_GRG_UA.osm</filename>
      <filetype>osm</filetype>
      <usage_type>test</usage_type>
      <checksum>CA321119</checksum>
    </file>
    <file>
      <filename>SFD_2000sqft_2story_UB_GRG_UA.osm</filename>
      <filetype>osm</filetype>
      <usage_type>test</usage_type>
      <checksum>E2AAB945</checksum>
    </file>
    <file>
      <filename>SFD_2000sqft_2story_UB_UA.osm</filename>
      <filetype>osm</filetype>
      <usage_type>test</usage_type>
      <checksum>91D98F05</checksum>
    </file>
    <file>
      <filename>SFD_2000sqft_2story_FB_UA.osm</filename>
      <filetype>osm</filetype>
      <usage_type>test</usage_type>
      <checksum>94DBD0D1</checksum>
    </file>
    <file>
      <filename>SFD_2000sqft_2story_PB_UA.osm</filename>
      <filetype>osm</filetype>
      <usage_type>test</usage_type>
      <checksum>5BDE6E4B</checksum>
    </file>
    <file>
      <filename>SFD_2000sqft_2story_SL_UA.osm</filename>
      <filetype>osm</filetype>
      <usage_type>test</usage_type>
      <checksum>2C25DA33</checksum>
    </file>
    <file>
      <filename>SFD_2000sqft_2story_SL_GRG_UA.osm</filename>
      <filetype>osm</filetype>
      <usage_type>test</usage_type>
      <checksum>5E8E0087</checksum>
    </file>
    <file>
      <filename>geometry.rb</filename>
      <filetype>rb</filetype>
      <usage_type>resource</usage_type>
      <checksum>A9382DBC</checksum>
    </file>
    <file>
      <filename>constants.rb</filename>
      <filetype>rb</filetype>
      <usage_type>resource</usage_type>
      <checksum>022C15E2</checksum>
    </file>
    <file>
      <filename>unit_conversions.rb</filename>
      <filetype>rb</filetype>
      <usage_type>resource</usage_type>
      <checksum>31924A51</checksum>
    </file>
  </files>
</measure>
